"Tanggal","Terakhir","Pembukaan","Tertinggi","Terendah","Vol.","Perubahan%"
"13/03/2025","6.647,42","6.700,11","6.707,39","6.618,54","13,99B","-0,26%"
"12/03/2025","6.665,04","6.566,80","6.665,04","6.566,20","13,97B","1,82%"
"11/03/2025","6.545,85","6.535,87","6.567,58","6.499,04","15,00B","-0,79%"
"10/03/2025","6.598,21","6.618,92","6.629,44","6.568,13","15,36B","-0,57%"
"07/03/2025","6.636,00","6.631,31","6.682,94","6.577,83","19,84B","0,27%"
"06/03/2025","6.617,85","6.577,85","6.667,89","6.573,80","13,89B","1,32%"
"05/03/2025","6.531,40","6.404,69","6.570,82","6.404,69","14,35B","2,37%"
"04/03/2025","6.380,40","6.524,70","6.528,97","6.361,40","14,91B","-2,14%"
"03/03/2025","6.519,66","6.362,15","6.570,95","6.347,10","17,08B","3,97%"
"28/02/2025","6.270,60","6.446,64","6.447,88","6.246,28","19,69B","-3,31%"
"27/02/2025","6.485,45","6.609,89","6.626,26","6.443,22","15,65B","-1,83%"
"26/02/2025","6.606,18","6.627,02","6.682,87","6.547,24","13,52B","0,29%"
"25/02/2025","6.587,09","6.749,44","6.772,65","6.576,97","19,42B","-2,41%"
"24/02/2025","6.749,60","6.801,68","6.818,79","6.732,41","15,62B","-0,78%"
"21/02/2025","6.803,00","6.788,90","6.814,87","6.758,35","13,11B","0,22%"
"20/02/2025","6.788,04","6.796,67","6.836,72","6.755,43","16,89B","-0,10%"
"19/02/2025","6.794,87","6.877,16","6.886,92","6.773,91","15,99B","-1,14%"
"18/02/2025","6.873,55","6.847,77","6.908,70","6.830,78","15,86B","0,62%"
"17/02/2025","6.830,88","6.663,31","6.830,88","6.658,22","13,66B","2,90%"
"14/02/2025","6.638,46","6.640,13","6.679,40","6.609,67","12,13B","0,38%"
"13/02/2025","6.613,57","6.637,42","6.647,10","6.565,78","12,61B","-0,48%"
"12/02/2025","6.645,78","6.540,95","6.645,78","6.537,48","14,13B","1,74%"
"11/02/2025","6.531,99","6.629,81","6.658,23","6.500,46","14,60B","-1,75%"
"10/02/2025","6.648,14","6.681,23","6.713,95","6.585,98","15,35B","-1,40%"
"07/02/2025","6.742,58","6.758,10","6.769,78","6.656,72","15,21B","-1,93%"
"06/02/2025","6.875,54","7.030,19","7.033,62","6.830,11","17,09B","-2,12%"
"05/02/2025","7.024,23","7.071,58","7.079,46","7.002,52","24,71B","-0,70%"
"04/02/2025","7.073,46","7.051,48","7.125,94","7.037,63","25,07B","0,62%"
"03/02/2025","7.030,06","7.087,75","7.089,70","6.933,14","13,54B","-1,11%"
"31/01/2025","7.109,20","7.113,58","7.174,75","7.095,68","12,56B","0,50%"
"30/01/2025","7.073,48","7.142,79","7.150,29","7.042,69","15,69B","-1,29%"
"24/01/2025","7.166,06","7.255,02","7.261,45","7.166,06","12,22B","-0,92%"
"23/01/2025","7.232,64","7.275,00","7.324,63","7.232,64","14,20B","-0,34%"
"22/01/2025","7.257,13","7.227,02","7.267,49","7.223,26","14,65B","1,05%"
"21/01/2025","7.181,82","7.207,59","7.221,73","7.176,33","17,62B","0,15%"
"20/01/2025","7.170,74","7.188,40","7.201,61","7.165,44","18,31B","0,22%"
"17/01/2025","7.154,66","7.115,05","7.178,81","7.084,30","19,78B","0,66%"
"16/01/2025","7.107,52","7.165,18","7.190,61","7.071,91","14,48B","0,39%"
"15/01/2025","7.079,56","6.992,85","7.084,56","6.977,77","17,35B","1,77%"
"14/01/2025","6.956,67","7.014,80","7.042,33","6.956,67","15,10B","-0,86%"
"13/01/2025","7.016,88","7.076,70","7.089,57","6.986,59","14,99B","-1,02%"
"10/01/2025","7.088,87","7.076,90","7.121,63","7.074,14","16,62B","0,34%"
"09/01/2025","7.064,59","7.093,25","7.106,46","7.062,10","14,85B","-0,22%"
"08/01/2025","7.080,35","7.099,66","7.129,29","7.046,17","14,71B","-0,04%"
"07/01/2025","7.083,28","7.074,26","7.103,19","7.029,51","14,47B","0,04%"
"06/01/2025","7.080,47","7.176,12","7.182,02","7.073,95","19,22B","-1,17%"
"03/01/2025","7.164,43","7.177,25","7.197,01","7.135,28","18,29B","0,02%"
"02/01/2025","7.163,21","7.092,43","7.163,21","7.088,32","16,18B","1,18%"
"30/12/2024","7.079,90","7.026,78","7.079,90","6.993,07","15,97B","0,62%"
"27/12/2024","7.036,57","7.073,38","7.100,27","7.024,71","14,43B","-0,41%"
"24/12/2024","7.065,75","7.115,64","7.120,58","7.063,75","11,06B","-0,43%"
"23/12/2024","7.096,44","7.037,53","7.096,44","7.035,73","13,87B","1,61%"
"20/12/2024","6.983,87","6.980,17","7.032,40","6.931,58","14,57B","0,09%"
"19/12/2024","6.977,24","7.034,62","7.040,55","6.951,05","17,09B","-1,84%"
"18/12/2024","7.107,88","7.168,97","7.216,88","7.105,07","12,24B","-0,70%"
"17/12/2024","7.157,73","7.238,17","7.263,31","7.132,06","15,74B","-1,39%"
"16/12/2024","7.258,63","7.304,22","7.320,79","7.204,65","18,65B","-0,90%"
"13/12/2024","7.324,79","7.379,75","7.399,90","7.324,79","12,01B","-0,94%"
"12/12/2024","7.394,24","7.441,97","7.470,89","7.380,03","14,77B","-0,94%"
"11/12/2024","7.464,75","7.444,86","7.530,56","7.444,17","23,55B","0,15%"
"10/12/2024","7.453,29","7.448,77","7.457,81","7.396,79","20,33B","0,21%"
"09/12/2024","7.437,73","7.382,61","7.440,98","7.380,66","23,01B","0,74%"
"06/12/2024","7.382,79","7.302,67","7.382,81","7.287,60","13,02B","0,95%"
"05/12/2024","7.313,31","7.326,02","7.338,60","7.283,50","13,14B","-0,18%"
"04/12/2024","7.326,76","7.198,10","7.328,32","7.187,48","16,64B","1,82%"
"03/12/2024","7.196,02","7.104,93","7.196,02","7.102,22","17,63B","2,11%"
"02/12/2024","7.046,99","7.117,75","7.153,03","7.041,34","16,39B","-0,95%"
"29/11/2024","7.114,27","7.168,00","7.189,13","7.107,28","21,84B","-1,19%"
"28/11/2024","7.200,16","7.215,91","7.249,69","7.195,67","17,90B","-0,63%"
"26/11/2024","7.245,89","7.329,53","7.341,60","7.245,89","16,41B","-0,93%"
"25/11/2024","7.314,11","7.218,95","7.329,49","7.218,83","26,48B","1,65%"
"22/11/2024","7.195,56","7.154,68","7.215,69","7.154,45","20,58B","0,77%"
"21/11/2024","7.140,91","7.168,33","7.209,36","7.140,91","15,57B","-0,55%"
"20/11/2024","7.180,33","7.214,00","7.229,71","7.171,27","16,41B","-0,21%"
"19/11/2024","7.195,71","7.140,19","7.229,83","7.136,69","20,51B","0,86%"
"18/11/2024","7.134,28","7.152,08","7.174,75","7.118,87","19,17B","-0,38%"
"15/11/2024","7.161,26","7.192,21","7.241,66","7.122,68","21,31B","-0,74%"
"14/11/2024","7.214,56","7.303,90","7.318,78","7.214,56","20,94B","-1,29%"
"13/11/2024","7.308,67","7.344,01","7.370,39","7.304,87","22,63B","-0,18%"
"12/11/2024","7.321,99","7.271,17","7.344,07","7.268,61","28,77B","0,76%"
"11/11/2024","7.266,46","7.259,29","7.282,20","7.182,31","22,10B","-0,28%"
"08/11/2024","7.287,19","7.263,96","7.350,36","7.263,96","14,89B","0,60%"
"07/11/2024","7.243,86","7.373,57","7.381,76","7.243,86","20,41B","-1,90%"
"06/11/2024","7.383,87","7.495,13","7.506,60","7.363,03","23,58B","-1,44%"
"05/11/2024","7.491,93","7.474,45","7.497,00","7.451,55","18,27B","0,17%"
"04/11/2024","7.479,50","7.505,11","7.529,70","7.415,81","21,23B","-0,34%"
"01/11/2024","7.505,26","7.573,79","7.583,69","7.485,46","15,53B","-0,91%"
"31/10/2024","7.574,02","7.569,72","7.617,36","7.558,68","20,33B","0,06%"
"30/10/2024","7.569,85","7.558,80","7.581,91","7.521,73","16,82B","-0,48%"
"29/10/2024","7.606,60","7.625,47","7.666,43","7.587,21","18,28B","-0,37%"
"28/10/2024","7.634,63","7.705,87","7.714,74","7.599,62","19,72B","-0,78%"
"25/10/2024","7.694,66","7.717,43","7.752,25","7.678,18","20,58B","-0,28%"
"24/10/2024","7.716,55","7.778,66","7.794,86","7.716,55","24,29B","-0,91%"
"23/10/2024","7.787,56","7.774,01","7.805,92","7.761,25","26,97B","-0,02%"
"22/10/2024","7.788,98","7.752,38","7.801,40","7.731,96","28,68B","0,21%"
"21/10/2024","7.772,60","7.780,25","7.795,09","7.739,89","24,69B","0,16%"
"18/10/2024","7.760,06","7.762,15","7.790,71","7.718,68","23,43B","0,32%"
"17/10/2024","7.735,04","7.661,07","7.758,67","7.657,72","22,46B","1,13%"
"16/10/2024","7.648,94","7.645,21","7.658,40","7.616,60","19,74B","0,29%"
"15/10/2024","7.626,95","7.579,05","7.635,04","7.573,45","21,87B","0,89%"
"14/10/2024","7.559,65","7.518,81","7.570,27","7.518,81","20,59B","0,52%"
"11/10/2024","7.520,60","7.520,53","7.549,54","7.506,28","15,95B","0,54%"
"10/10/2024","7.480,08","7.501,87","7.528,95","7.467,82","15,80B","-0,28%"
"09/10/2024","7.501,29","7.556,56","7.595,58","7.501,22","16,92B","-0,74%"
"08/10/2024","7.557,14","7.486,72","7.592,88","7.449,48","19,48B","0,71%"
"07/10/2024","7.504,13","7.493,66","7.540,24","7.450,20","23,58B","0,11%"
"04/10/2024","7.496,09","7.531,79","7.549,23","7.467,80","22,39B","-0,63%"
"03/10/2024","7.543,83","7.567,45","7.581,33","7.504,41","18,94B","-0,26%"
"02/10/2024","7.563,26","7.601,74","7.619,10","7.501,46","31,53B","-1,03%"
"01/10/2024","7.642,13","7.551,46","7.642,13","7.547,11","20,70B","1,52%"
"30/09/2024","7.527,93","7.674,29","7.679,24","7.527,93","22,22B","-2,20%"
"27/09/2024","7.696,92","7.713,80","7.736,92","7.663,48","19,05B","-0,61%"
"26/09/2024","7.744,52","7.723,10","7.763,08","7.673,05","20,28B","0,05%"
"25/09/2024","7.740,90","7.747,85","7.760,88","7.633,45","27,67B","-0,48%"
"24/09/2024","7.778,49","7.774,56","7.810,54","7.717,84","18,28B","0,04%"
"23/09/2024","7.775,73","7.743,20","7.775,73","7.675,29","26,02B","0,42%"
"20/09/2024","7.743,00","7.904,40","7.904,51","7.738,32","31,77B","-2,05%"
"19/09/2024","7.905,39","7.858,11","7.910,56","7.853,35","25,95B","0,97%"
"18/09/2024","7.829,13","7.845,81","7.879,04","7.818,96","24,18B","-0,03%"
"17/09/2024","7.831,78","7.832,52","7.854,02","7.802,27","21,61B","0,25%"
"13/09/2024","7.812,13","7.805,69","7.828,97","7.775,64","16,25B","0,18%"
"12/09/2024","7.798,15","7.782,02","7.833,27","7.782,02","25,27B","0,48%"
"11/09/2024","7.760,96","7.770,27","7.802,48","7.736,78","17,19B","-0,01%"
"10/09/2024","7.761,39","7.725,28","7.764,78","7.723,30","19,65B","0,76%"
"09/09/2024","7.702,74","7.729,25","7.748,33","7.654,73","13,85B","-0,25%"
"06/09/2024","7.721,85","7.684,81","7.754,48","7.683,70","12,27B","0,53%"
"05/09/2024","7.681,04","7.679,65","7.722,23","7.650,80","13,77B","0,11%"
"04/09/2024","7.672,90","7.577,10","7.672,90","7.546,05","14,76B","0,74%"
"03/09/2024","7.616,52","7.706,65","7.726,66","7.598,47","16,57B","-1,01%"
"02/09/2024","7.694,53","7.686,54","7.726,19","7.669,92","15,62B","0,31%"
"30/08/2024","7.670,73","7.642,78","7.673,18","7.616,35","19,45B","0,57%"
"29/08/2024","7.627,60","7.679,53","7.715,76","7.627,60","15,39B","-0,41%"
"28/08/2024","7.658,88","7.604,33","7.672,29","7.581,05","15,20B","0,80%"
"27/08/2024","7.597,88","7.598,46","7.610,20","7.547,26","14,12B","-0,11%"
"26/08/2024","7.606,19","7.549,41","7.619,90","7.549,41","14,21B","0,82%"
"23/08/2024","7.544,30","7.510,66","7.567,51","7.507,74","12,88B","0,74%"
"22/08/2024","7.488,68","7.531,35","7.540,27","7.460,40","14,07B","-0,87%"
"21/08/2024","7.554,59","7.563,08","7.594,55","7.543,64","19,99B","0,27%"
"20/08/2024","7.533,98","7.490,32","7.538,16","7.482,50","18,36B","0,90%"
"19/08/2024","7.466,83","7.428,74","7.466,83","7.420,38","13,87B","0,47%"
"16/08/2024","7.432,09","7.443,94","7.459,75","7.417,21","15,13B","0,30%"
"15/08/2024","7.409,50","7.442,91","7.460,39","7.386,74","15,04B","-0,36%"
"14/08/2024","7.436,04","7.377,01","7.445,66","7.372,89","16,81B","1,08%"
"13/08/2024","7.356,64","7.316,43","7.366,65","7.286,55","14,61B","0,81%"
"12/08/2024","7.297,63","7.265,15","7.297,63","7.230,79","15,64B","0,56%"
"09/08/2024","7.257,00","7.219,98","7.267,42","7.219,92","11,27B","0,86%"
"08/08/2024","7.195,12","7.212,74","7.234,45","7.181,77","12,52B","-0,24%"
"07/08/2024","7.212,13","7.149,51","7.246,26","7.147,29","12,86B","1,16%"
"06/08/2024","7.129,21","7.098,67","7.167,26","7.066,50","12,25B","0,99%"
"05/08/2024","7.059,65","7.254,61","7.257,48","6.998,81","19,60B","-3,40%"
"02/08/2024","7.308,12","7.304,09","7.337,98","7.264,01","13,07B","-0,24%"
"01/08/2024","7.325,98","7.274,52","7.325,98","7.258,87","11,90B","0,97%"
"31/07/2024","7.255,76","7.251,80","7.275,19","7.226,50","14,05B","0,19%"
"30/07/2024","7.241,86","7.283,92","7.292,56","7.226,78","12,41B","-0,65%"
"29/07/2024","7.288,90","7.304,60","7.333,90","7.274,25","13,19B","0,01%"
"26/07/2024","7.288,17","7.262,13","7.298,96","7.256,53","12,87B","0,66%"
"25/07/2024","7.240,28","7.264,21","7.268,05","7.207,82","12,59B","-0,31%"
"24/07/2024","7.262,76","7.298,51","7.311,15","7.249,28","14,93B","-0,70%"
"23/07/2024","7.313,86","7.336,28","7.347,02","7.293,31","25,17B","-0,11%"
"22/07/2024","7.321,98","7.316,25","7.341,91","7.301,42","14,09B","0,38%"
"19/07/2024","7.294,50","7.304,28","7.315,14","7.249,82","12,53B","-0,36%"
"18/07/2024","7.321,07","7.231,73","7.330,81","7.220,10","14,62B","1,34%"
"17/07/2024","7.224,22","7.261,22","7.265,09","7.207,58","21,82B","0,00%"
"16/07/2024","7.224,29","7.289,81","7.294,79","7.213,28","10,79B","-0,75%"
"15/07/2024","7.278,86","7.336,31","7.346,10","7.252,81","10,74B","-0,66%"
"12/07/2024","7.327,58","7.336,48","7.354,16","7.300,75","13,07B","0,37%"
"11/07/2024","7.300,41","7.302,50","7.328,27","7.274,06","14,64B","0,18%"
"10/07/2024","7.287,04","7.283,19","7.313,20","7.272,12","21,43B","0,24%"
"09/07/2024","7.269,80","7.254,16","7.302,94","7.239,64","13,61B","0,26%"
"08/07/2024","7.250,98","7.261,98","7.265,08","7.215,47","16,01B","-0,03%"
"05/07/2024","7.253,37","7.248,72","7.275,94","7.213,39","13,09B","0,45%"
"04/07/2024","7.220,89","7.212,70","7.262,84","7.204,44","15,86B","0,34%"
"03/07/2024","7.196,75","7.153,77","7.196,75","7.126,81","12,68B","1,01%"
"02/07/2024","7.125,14","7.149,04","7.176,87","7.099,05","12,19B","-0,20%"
"01/07/2024","7.139,63","7.076,63","7.139,63","7.075,38","10,83B","1,08%"
"28/06/2024","7.063,58","6.989,37","7.084,62","6.987,80","10,47B","1,37%"
"27/06/2024","6.967,95","6.929,15","6.968,14","6.915,83","8,52B","0,90%"
"26/06/2024","6.905,64","6.885,82","6.936,26","6.885,40","11,18B","0,33%"
"25/06/2024","6.882,70","6.874,87","6.890,44","6.843,65","10,36B","-0,09%"
"24/06/2024","6.889,17","6.877,47","6.914,81","6.870,31","11,40B","0,13%"
"21/06/2024","6.879,98","6.838,48","6.945,83","6.823,06","20,22B","0,89%"
"20/06/2024","6.819,32","6.751,24","6.825,56","6.728,40","13,89B","1,37%"
"19/06/2024","6.726,92","6.739,90","6.791,53","6.698,85","21,57B","-0,12%"
"14/06/2024","6.734,83","6.829,99","6.840,20","6.713,27","14,38B","-1,42%"
"13/06/2024","6.831,56","6.893,84","6.896,65","6.831,56","15,44B","-0,27%"
"12/06/2024","6.850,10","6.859,35","6.866,27","6.821,51","16,51B","-0,08%"
"11/06/2024","6.855,69","6.900,31","6.932,46","6.855,69","15,01B","-0,95%"
"10/06/2024","6.921,55","6.910,72","6.929,10","6.846,38","22,84B","0,34%"
"07/06/2024","6.897,95","6.987,79","6.994,12","6.887,81","10,99B","-1,10%"
"06/06/2024","6.974,90","6.992,56","7.032,57","6.939,55","13,00B","0,39%"
"05/06/2024","6.947,67","7.114,54","7.118,35","6.934,94","13,71B","-2,14%"
"04/06/2024","7.099,31","7.071,09","7.149,19","7.065,03","16,07B","0,90%"
"03/06/2024","7.036,19","7.030,21","7.088,40","6.993,09","14,18B","0,94%"
"31/05/2024","6.970,74","7.076,37","7.102,22","6.959,23","26,97B","-0,90%"
"30/05/2024","7.034,14","7.125,77","7.134,71","6.984,98","17,77B","-1,49%"
"29/05/2024","7.140,23","7.275,53","7.282,00","7.127,21","14,46B","-1,56%"
"28/05/2024","7.253,63","7.228,51","7.308,14","7.228,41","16,64B","1,08%"
"27/05/2024","7.176,42","7.219,98","7.256,18","7.171,49","19,09B","-0,64%"
"22/05/2024","7.222,38","7.198,19","7.239,86","7.191,11","13,57B","0,51%"
"21/05/2024","7.186,04","7.258,41","7.295,06","7.179,53","13,56B","-1,11%"
"20/05/2024","7.266,69","7.329,40","7.374,55","7.243,01","15,81B","-0,69%"
"17/05/2024","7.317,24","7.249,73","7.356,71","7.245,20","18,15B","0,97%"
"16/05/2024","7.246,70","7.203,17","7.270,76","7.201,92","15,47B","0,93%"
"15/05/2024","7.179,83","7.085,38","7.192,15","7.082,12","13,99B","1,36%"
"14/05/2024","7.083,76","7.095,52","7.136,64","7.071,50","13,75B","-0,22%"
"13/05/2024","7.099,26","7.061,37","7.111,60","7.052,23","13,46B","0,15%"
"08/05/2024","7.088,79","7.129,46","7.164,31","7.071,35","14,79B","-0,49%"
"07/05/2024","7.123,61","7.136,85","7.159,77","7.108,18","14,85B","-0,17%"
"06/05/2024","7.135,89","7.171,59","7.178,77","7.102,69","16,50B","0,02%"
"03/05/2024","7.134,72","7.142,86","7.165,10","7.094,62","15,95B","0,24%"
"02/05/2024","7.117,42","7.227,61","7.232,95","7.072,47","14,56B","-1,61%"
"01/05/2024","7.234,20","7.187,41","7.266,87","7.179,69","","0,00%"
"30/04/2024","7.234,20","7.187,41","7.266,87","7.179,69","15,66B","1,10%"
"29/04/2024","7.155,78","7.021,49","7.155,78","7.021,49","13,00B","1,70%"
"26/04/2024","7.036,08","7.137,93","7.149,25","7.036,08","13,76B","-1,67%"
"25/04/2024","7.155,29","7.167,98","7.177,06","7.132,10","14,04B","-0,27%"
"24/04/2024","7.174,53","7.127,05","7.191,18","7.126,85","15,41B","0,90%"
"23/04/2024","7.110,81","7.102,81","7.165,95","7.099,84","17,29B","0,52%"
"22/04/2024","7.073,82","7.099,52","7.117,02","7.026,48","12,16B","-0,19%"
"19/04/2024","7.087,32","7.131,46","7.141,58","7.036,21","15,07B","-1,11%"
"18/04/2024","7.166,81","7.151,74","7.180,56","7.135,52","12,94B","0,50%"
"17/04/2024","7.130,84","7.199,83","7.234,37","7.130,84","14,35B","-0,47%"
"16/04/2024","7.164,81","7.130,63","7.188,09","7.066,57","17,56B","-1,68%"
"05/04/2024","7.286,88","7.245,32","7.298,86","7.239,27","9,49B","0,45%"
"04/04/2024","7.254,40","7.170,72","7.254,40","7.165,83","10,89B","1,22%"
"03/04/2024","7.166,84","7.214,02","7.226,35","7.158,74","11,10B","-0,97%"
"02/04/2024","7.236,98","7.199,12","7.236,98","7.153,94","12,77B","0,44%"
"01/04/2024","7.205,06","7.286,11","7.295,00","7.137,46","12,43B","-1,15%"
"28/03/2024","7.288,81","7.289,16","7.313,01","7.244,95","12,41B","-0,29%"
"27/03/2024","7.310,09","7.364,23","7.375,40","7.292,80","12,53B","-0,75%"
"26/03/2024","7.365,66","7.337,66","7.371,84","7.330,46","13,84B","-0,16%"
"25/03/2024","7.377,76","7.339,52","7.377,76","7.316,93","12,43B","0,38%"
"22/03/2024","7.350,15","7.327,51","7.350,15","7.318,44","12,37B","0,16%"
"21/03/2024","7.338,35","7.360,56","7.396,47","7.336,60","13,98B","0,10%"
"20/03/2024","7.331,13","7.303,93","7.343,46","7.295,35","16,97B","-0,08%"
"19/03/2024","7.336,75","7.320,54","7.361,53","7.314,18","13,76B","0,47%"
"18/03/2024","7.302,45","7.338,08","7.358,55","7.300,94","15,53B","-0,35%"
"15/03/2024","7.328,05","7.408,66","7.416,34","7.308,04","23,15B","-1,42%"
"14/03/2024","7.433,31","7.405,57","7.454,45","7.380,65","12,92B","0,16%"
"13/03/2024","7.421,21","7.422,30","7.441,62","7.392,01","13,52B","0,53%"
"08/03/2024","7.381,91","7.398,43","7.416,43","7.376,16","12,52B","0,11%"
"07/03/2024","7.373,96","7.338,73","7.386,87","7.334,31","19,33B","0,60%"
"06/03/2024","7.329,80","7.252,08","7.331,08","7.248,53","18,03B","1,14%"
"05/03/2024","7.247,46","7.296,53","7.305,45","7.238,34","15,28B","-0,40%"
"04/03/2024","7.276,75","7.318,83","7.328,38","7.259,78","16,81B","-0,48%"
"01/03/2024","7.311,91","7.318,67","7.331,32","7.269,89","13,46B","-0,06%"
"29/02/2024","7.316,11","7.326,80","7.337,92","7.289,34","23,01B","-0,17%"
"28/02/2024","7.328,64","7.292,08","7.328,74","7.289,26","22,04B","0,59%"
"27/02/2024","7.285,32","7.263,99","7.292,93","7.255,12","18,39B","0,02%"
"26/02/2024","7.283,82","7.277,64","7.295,14","7.252,28","14,71B","-0,15%"
"23/02/2024","7.295,10","7.326,53","7.340,19","7.262,10","14,63B","-0,61%"
"22/02/2024","7.339,64","7.334,95","7.365,76","7.321,52","15,45B","-0,13%"
"21/02/2024","7.349,02","7.345,79","7.370,88","7.286,67","15,26B","-0,05%"
"20/02/2024","7.352,60","7.320,72","7.354,11","7.309,50","13,00B","0,77%"
"19/02/2024","7.296,70","7.323,31","7.339,76","7.277,54","15,12B","-0,53%"
"16/02/2024","7.335,54","7.337,82","7.370,57","7.314,88","14,64B","0,44%"
"15/02/2024","7.303,28","7.337,63","7.365,68","7.298,48","18,44B","1,30%"
"13/02/2024","7.209,74","7.301,59","7.301,59","7.197,83","12,83B","-1,20%"
"12/02/2024","7.297,67","7.268,33","7.306,16","7.250,31","17,87B","0,86%"
"07/02/2024","7.235,15","7.264,98","7.285,13","7.225,45","13,81B","-0,17%"
"06/02/2024","7.247,41","7.230,15","7.268,13","7.212,14","13,80B","0,68%"
"05/02/2024","7.198,62","7.237,33","7.254,09","7.186,17","13,73B","-0,55%"
"02/02/2024","7.238,79","7.221,90","7.238,79","7.180,36","11,44B","0,52%"
"01/02/2024","7.201,70","7.221,85","7.248,53","7.191,69","15,74B","-0,09%"
"31/01/2024","7.207,94","7.213,31","7.247,52","7.192,64","17,03B","0,22%"
"30/01/2024","7.192,22","7.147,24","7.213,19","7.133,61","18,22B","0,49%"
"29/01/2024","7.157,17","7.147,71","7.177,70","7.115,04","16,04B","0,28%"
"26/01/2024","7.137,09","7.152,27","7.166,69","7.099,08","14,02B","-0,57%"
"25/01/2024","7.178,04","7.215,53","7.253,72","7.176,11","13,04B","-0,69%"
"24/01/2024","7.227,82","7.255,77","7.271,96","7.170,30","12,89B","-0,39%"
"23/01/2024","7.256,23","7.232,52","7.256,23","7.201,83","13,26B","0,11%"
"22/01/2024","7.247,93","7.233,17","7.247,93","7.194,95","14,17B","0,28%"
"19/01/2024","7.227,40","7.271,34","7.277,98","7.170,81","13,74B","-0,35%"
"18/01/2024","7.252,97","7.198,85","7.267,08","7.185,38","15,89B","0,73%"
"17/01/2024","7.200,63","7.248,01","7.252,46","7.162,48","20,21B","-0,58%"
"16/01/2024","7.242,79","7.231,64","7.268,18","7.210,03","13,03B","0,26%"
"15/01/2024","7.224,00","7.254,04","7.281,26","7.206,31","13,30B","-0,24%"
"12/01/2024","7.241,14","7.242,37","7.271,87","7.205,76","15,22B","0,29%"
"11/01/2024","7.219,96","7.253,46","7.277,50","7.219,96","19,05B","-0,10%"
"10/01/2024","7.227,30","7.187,58","7.259,60","7.152,88","15,27B","0,38%"
"09/01/2024","7.200,20","7.299,78","7.311,64","7.180,16","15,26B","-1,14%"
"08/01/2024","7.283,58","7.362,05","7.393,13","7.275,17","14,06B","-0,91%"
"05/01/2024","7.350,62","7.376,29","7.403,58","7.350,62","16,31B","-0,12%"
"04/01/2024","7.359,76","7.290,06","7.371,23","7.280,41","15,57B","1,11%"
"03/01/2024","7.279,09","7.316,11","7.321,88","7.275,87","15,95B","-0,61%"
"02/01/2024","7.323,59","7.268,40","7.323,59","7.245,57","12,14B","0,70%"
"29/12/2023","7.272,80","7.307,11","7.309,78","7.259,68","12,32B","-0,43%"
"28/12/2023","7.303,89","7.266,57","7.308,21","7.262,25","12,30B","0,80%"
"27/12/2023","7.245,92","7.256,16","7.293,52","7.239,66","12,50B","0,12%"
"26/12/2023","7.237,52","7.225,62","7.248,55","7.218,17","","0,00%"
"22/12/2023","7.237,52","7.225,62","7.248,55","7.218,17","11,13B","0,39%"
"21/12/2023","7.209,62","7.222,09","7.229,29","7.173,01","14,43B","-0,14%"
"20/12/2023","7.219,67","7.207,18","7.237,97","7.196,24","14,23B","0,44%"
"19/12/2023","7.187,85","7.116,55","7.187,85","7.112,82","15,54B","0,96%"
"18/12/2023","7.119,52","7.181,43","7.192,89","7.092,03","23,95B","-0,99%"
"15/12/2023","7.190,99","7.183,15","7.215,94","7.169,43","20,79B","0,21%"
"14/12/2023","7.176,02","7.134,04","7.191,16","7.115,45","22,86B","1,42%"
"13/12/2023","7.075,34","7.110,08","7.124,48","7.045,94","18,28B","-0,70%"
"12/12/2023","7.125,31","7.104,97","7.134,22","7.082,88","25,51B","0,52%"
"11/12/2023","7.088,79","7.139,28","7.153,12","7.045,17","49,01B","-0,99%"
"08/12/2023","7.159,60","7.134,62","7.201,63","7.123,04","27,00B","0,35%"
"07/12/2023","7.134,62","7.087,40","7.134,62","7.041,01","23,52B","0,67%"
"06/12/2023","7.087,40","7.100,85","7.140,16","7.085,81","27,28B","-0,19%"
"05/12/2023","7.100,85","7.093,06","7.117,58","7.047,63","31,96B","0,10%"
"04/12/2023","7.093,60","7.060,04","7.149,24","7.060,04","30,84B","0,48%"
"01/12/2023","7.059,91","7.080,06","7.083,86","7.022,77","26,60B","-0,29%"
"30/11/2023","7.080,74","7.036,09","7.109,61","7.036,09","25,97B","0,63%"
"29/11/2023","7.036,09","7.041,07","7.070,19","7.020,01","16,76B","-0,07%"
"28/11/2023","7.041,07","7.013,41","7.067,14","7.010,83","16,76B","0,39%"
"27/11/2023","7.013,41","7.009,63","7.061,83","7.008,81","16,35B","0,05%"
"24/11/2023","7.009,63","7.004,48","7.049,54","7.000,10","18,11B","0,08%"
"23/11/2023","7.004,34","6.907,09","7.018,43","6.906,61","21,91B","1,41%"
"22/11/2023","6.906,95","6.961,79","6.965,41","6.893,51","18,19B","-0,79%"
"21/11/2023","6.961,79","6.994,89","7.010,98","6.946,96","16,06B","-0,47%"
"20/11/2023","6.994,89","6.977,67","7.011,06","6.962,75","15,05B","0,25%"
"17/11/2023","6.977,67","6.958,15","6.977,67","6.919,63","12,29B","0,28%"
"16/11/2023","6.958,01","6.958,34","6.964,17","6.906,59","12,29B","0,00%"
"15/11/2023","6.958,21","6.862,33","6.985,59","6.862,33","18,18B","1,40%"
"14/11/2023","6.862,06","6.838,04","6.886,81","6.829,95","15,26B","0,35%"
"13/11/2023","6.838,31","6.809,26","6.857,10","6.809,26","18,76B","0,43%"
"10/11/2023","6.809,26","6.838,23","6.843,96","6.801,92","13,36B","-0,42%"
"09/11/2023","6.838,23","6.804,11","6.865,08","6.793,76","12,05B","0,50%"
"08/11/2023","6.804,11","6.843,65","6.843,92","6.760,10","15,14B","-0,58%"
"07/11/2023","6.843,79","6.878,84","6.887,02","6.806,88","19,31B","-0,51%"
"06/11/2023","6.878,84","6.788,85","6.878,84","6.787,23","22,88B","1,33%"
"03/11/2023","6.788,85","6.751,39","6.826,62","6.748,70","23,17B","0,55%"
"02/11/2023","6.751,39","6.642,69","6.785,00","6.642,69","22,12B","1,64%"
"01/11/2023","6.642,42","6.751,94","6.773,98","6.639,82","20,66B","-1,63%"
"31/10/2023","6.752,21","6.735,89","6.754,52","6.666,41","19,55B","0,24%"
"30/10/2023","6.735,89","6.758,66","6.775,21","6.692,78","15,78B","-0,34%"
"27/10/2023","6.758,79","6.714,52","6.781,39","6.713,94","16,31B","0,66%"
"26/10/2023","6.714,52","6.833,98","6.838,81","6.704,52","16,83B","-1,75%"
"25/10/2023","6.834,39","6.806,90","6.878,56","6.806,90","15,38B","0,41%"
"24/10/2023","6.806,76","6.741,83","6.826,05","6.738,53","14,15B","0,96%"
"23/10/2023","6.741,96","6.849,17","6.853,45","6.730,88","16,85B","-1,57%"
"20/10/2023","6.849,17","6.846,43","6.869,47","6.803,19","19,41B","0,04%"
"19/10/2023","6.846,43","6.927,63","6.927,98","6.840,37","20,59B","-1,18%"
"18/10/2023","6.927,91","6.939,62","6.968,25","6.908,29","18,75B","-0,17%"
"17/10/2023","6.939,62","6.896,29","6.948,04","6.892,23","17,69B","0,63%"
"16/10/2023","6.896,29","6.926,92","6.970,60","6.878,26","34,16B","-0,44%"
"13/10/2023","6.926,78","6.934,88","6.973,75","6.902,06","21,63B","-0,12%"
"12/10/2023","6.935,15","6.931,89","6.986,88","6.931,89","21,88B","0,05%"
"11/10/2023","6.931,75","6.922,19","6.965,83","6.914,72","17,81B","0,14%"
"10/10/2023","6.922,19","6.891,46","6.954,01","6.891,46","12,37B","0,45%"
"09/10/2023","6.891,46","6.888,52","6.929,97","6.880,54","13,97B","0,04%"
"06/10/2023","6.888,52","6.875,10","6.913,01","6.875,10","14,23B","0,20%"
"05/10/2023","6.874,83","6.886,99","6.934,80","6.874,83","16,80B","-0,17%"
"04/10/2023","6.886,58","6.940,89","6.943,27","6.839,86","19,61B","-0,78%"
"03/10/2023","6.940,89","6.961,46","6.992,63","6.940,89","16,77B","-0,30%"
"02/10/2023","6.961,46","6.939,89","6.984,58","6.939,61","15,79B","0,31%"
"29/09/2023","6.939,89","6.937,83","6.978,59","6.937,83","16,57B","0,03%"
"27/09/2023","6.937,83","6.923,80","6.970,85","6.913,35","15,49B","0,20%"
"26/09/2023","6.923,80","6.998,10","7.019,55","6.913,82","22,25B","-1,07%"
"25/09/2023","6.998,38","7.016,98","7.029,77","6.994,44","18,30B","-0,26%"
"22/09/2023","7.016,84","6.991,47","7.040,13","6.985,96","15,57B","0,36%"
"21/09/2023","6.991,47","7.011,68","7.021,29","6.974,01","13,80B","-0,29%"
"20/09/2023","7.011,68","6.980,32","7.046,48","6.980,32","14,66B","0,45%"
"19/09/2023","6.980,32","6.936,37","6.994,04","6.934,71","13,54B","0,64%"
"18/09/2023","6.936,08","6.982,79","6.999,40","6.928,77","15,38B","-0,67%"
"15/09/2023","6.982,79","6.959,19","7.011,88","6.945,07","34,69B","0,34%"
"14/09/2023","6.959,33","6.935,33","6.968,98","6.927,68","17,18B","0,34%"
"13/09/2023","6.935,48","6.934,11","6.944,82","6.903,23","16,39B","0,02%"
"12/09/2023","6.933,97","6.963,39","6.976,48","6.928,23","17,47B","-0,42%"
"11/09/2023","6.963,39","6.924,78","6.963,39","6.904,36","17,41B","0,56%"
"08/09/2023","6.924,78","6.954,81","6.966,77","6.900,59","14,04B","-0,43%"
"07/09/2023","6.954,81","6.996,10","7.003,67","6.927,42","19,12B","-0,59%"
"06/09/2023","6.995,95","6.991,71","7.020,97","6.989,79","16,54B","0,06%"
"05/09/2023","6.991,71","6.996,75","7.014,48","6.972,63","18,32B","-0,07%"
"04/09/2023","6.996,75","6.977,80","7.007,80","6.974,82","15,46B","0,27%"
"01/09/2023","6.977,65","6.953,26","6.992,63","6.950,26","14,58B","0,35%"
"31/08/2023","6.953,26","6.966,66","6.982,35","6.924,23","23,31B","-0,19%"
"30/08/2023","6.966,66","6.958,26","7.008,49","6.958,26","15,93B","0,13%"
"29/08/2023","6.957,83","6.921,73","6.964,73","6.921,73","24,43B","0,52%"
"28/08/2023","6.921,73","6.895,87","6.940,12","6.895,87","18,55B","0,38%"
"25/08/2023","6.895,44","6.899,39","6.906,08","6.869,63","13,00B","-0,06%"
"24/08/2023","6.899,39","6.921,41","6.937,65","6.898,39","14,28B","-0,32%"
"23/08/2023","6.921,41","6.916,45","6.959,43","6.916,45","17,07B","0,07%"
"22/08/2023","6.916,45","6.866,03","6.927,45","6.860,69","15,86B","0,73%"
"21/08/2023","6.866,03","6.860,05","6.890,28","6.859,42","20,77B","0,09%"
"18/08/2023","6.859,91","6.899,83","6.899,83","6.856,38","13,07B","-0,59%"
"16/08/2023","6.900,54","6.915,10","6.915,10","6.855,89","15,23B","-0,21%"
"15/08/2023","6.915,10","6.910,46","6.928,63","6.898,38","17,28B","0,07%"
"14/08/2023","6.910,17","6.879,98","6.910,17","6.823,75","13,88B","0,44%"
"11/08/2023","6.879,98","6.893,28","6.906,65","6.865,11","13,07B","-0,19%"
"10/08/2023","6.893,28","6.875,11","6.910,75","6.875,11","16,27B","0,26%"
"09/08/2023","6.875,11","6.868,81","6.901,06","6.863,08","21,85B","0,09%"
"08/08/2023","6.868,81","6.886,51","6.915,05","6.861,63","17,04B","-0,25%"
"07/08/2023","6.886,37","6.852,84","6.904,36","6.852,84","13,45B","0,49%"
"04/08/2023","6.852,84","6.898,22","6.925,01","6.850,90","11,88B","-0,66%"
"03/08/2023","6.898,08","6.854,51","6.924,05","6.839,74","16,36B","0,64%"
"02/08/2023","6.854,51","6.886,50","6.886,50","6.833,98","18,39B","-0,46%"
"01/08/2023","6.886,50","6.931,08","6.934,39","6.880,47","19,61B","-0,65%"
"31/07/2023","6.931,36","6.900,23","6.931,36","6.895,07","17,15B","0,45%"
"28/07/2023","6.900,23","6.896,81","6.904,10","6.857,37","14,67B","0,05%"
"27/07/2023","6.896,66","6.948,28","6.966,17","6.896,66","15,86B","-0,74%"
"26/07/2023","6.948,28","6.917,71","6.955,98","6.917,41","14,97B","0,44%"
"25/07/2023","6.917,71","6.897,98","6.944,62","6.897,98","15,05B","0,27%"
"24/07/2023","6.899,40","6.880,80","6.929,68","6.877,95","15,01B","0,27%"
"21/07/2023","6.880,80","6.864,19","6.880,80","6.837,65","13,16B","0,24%"
"20/07/2023","6.864,19","6.830,06","6.874,89","6.828,00","14,20B","0,50%"
"18/07/2023","6.830,20","6.867,14","6.902,14","6.798,43","15,04B","-0,54%"
"17/07/2023","6.867,14","6.869,71","6.931,27","6.867,14","17,68B","-0,04%"
"14/07/2023","6.869,57","6.810,21","6.874,78","6.810,21","16,07B","0,87%"
"13/07/2023","6.810,21","6.808,35","6.835,74","6.783,74","17,14B","0,03%"
"12/07/2023","6.808,21","6.796,92","6.820,18","6.785,86","16,17B","0,17%"
"11/07/2023","6.796,92","6.731,18","6.796,92","6.730,63","16,04B","0,98%"
"10/07/2023","6.731,04","6.716,46","6.763,55","6.716,46","12,36B","0,22%"
"07/07/2023","6.716,46","6.757,05","6.757,05","6.711,22","15,83B","-0,60%"
"06/07/2023","6.757,33","6.718,26","6.766,27","6.712,07","17,95B","0,57%"
"05/07/2023","6.718,98","6.681,75","6.719,06","6.676,93","14,89B","0,56%"
"04/07/2023","6.681,75","6.696,86","6.713,99","6.672,77","14,63B","-0,22%"
"03/07/2023","6.696,72","6.661,74","6.696,72","6.660,82","12,56B","0,52%"
"27/06/2023","6.661,88","6.664,67","6.679,63","6.652,90","14,23B","-0,04%"
"26/06/2023","6.664,67","6.639,73","6.674,06","6.622,18","12,60B","0,38%"
"23/06/2023","6.639,73","6.652,26","6.665,66","6.635,48","11,34B","-0,19%"
"22/06/2023","6.652,26","6.702,77","6.717,98","6.652,26","16,85B","-0,75%"
"21/06/2023","6.702,63","6.660,46","6.702,63","6.635,67","12,03B","0,63%"
"20/06/2023","6.660,46","6.686,06","6.692,44","6.626,15","11,83B","-0,38%"
"19/06/2023","6.686,06","6.698,55","6.705,04","6.669,05","16,14B","-0,19%"
"16/06/2023","6.698,55","6.713,52","6.726,46","6.669,34","17,21B","-0,23%"
"15/06/2023","6.713,79","6.699,72","6.717,46","6.660,91","15,12B","0,21%"
"14/06/2023","6.699,72","6.718,87","6.744,64","6.672,86","17,83B","-0,29%"
"13/06/2023","6.719,01","6.722,37","6.744,04","6.697,07","17,66B","-0,05%"
"12/06/2023","6.722,37","6.694,58","6.722,37","6.670,52","15,87B","0,42%"
"09/06/2023","6.694,02","6.666,05","6.703,82","6.648,96","18,28B","0,42%"
"08/06/2023","6.666,33","6.619,75","6.666,33","6.598,42","16,86B","0,70%"
"07/06/2023","6.619,75","6.619,06","6.638,58","6.578,76","16,29B","0,01%"
"06/06/2023","6.618,92","6.633,44","6.677,57","6.602,00","23,18B","-0,22%"
"05/06/2023","6.633,44","6.633,26","6.663,71","6.598,51","15,27B","0,00%"
"31/05/2023","6.633,26","6.636,42","6.657,65","6.562,96","61,51B","-0,05%"
"30/05/2023","6.636,42","6.681,10","6.700,24","6.636,42","17,38B","-0,67%"
"29/05/2023","6.681,10","6.687,28","6.708,37","6.617,24","16,48B","-0,09%"
"26/05/2023","6.687,00","6.704,23","6.727,29","6.669,24","18,15B","-0,26%"
"25/05/2023","6.704,23","6.745,80","6.749,71","6.702,53","15,70B","-0,62%"
"24/05/2023","6.745,80","6.736,68","6.755,88","6.713,89","13,77B","0,14%"
"23/05/2023","6.736,68","6.729,65","6.772,65","6.727,07","16,22B","0,10%"
"22/05/2023","6.729,65","6.700,56","6.757,62","6.675,88","16,75B","0,43%"
"19/05/2023","6.700,56","6.663,11","6.715,03","6.662,75","16,16B","0,56%"
"17/05/2023","6.663,11","6.676,42","6.706,60","6.661,47","18,04B","-0,20%"
"16/05/2023","6.676,56","6.711,74","6.729,07","6.659,07","15,64B","-0,52%"
"15/05/2023","6.711,74","6.708,46","6.729,30","6.656,65","14,26B","0,06%"
"12/05/2023","6.707,76","6.755,94","6.755,94","6.704,57","17,38B","-0,71%"
"11/05/2023","6.755,94","6.811,90","6.814,12","6.717,42","16,29B","-0,82%"
"10/05/2023","6.811,90","6.780,40","6.820,12","6.775,19","18,15B","0,47%"
"09/05/2023","6.779,98","6.769,63","6.793,77","6.742,18","17,21B","0,15%"
"08/05/2023","6.769,63","6.787,49","6.798,32","6.756,66","17,96B","-0,27%"
"05/05/2023","6.787,63","6.844,03","6.851,59","6.733,78","14,82B","-0,82%"
"04/05/2023","6.844,03","6.812,72","6.846,12","6.780,09","13,75B","0,46%"
"03/05/2023","6.812,72","6.863,30","6.865,61","6.776,90","12,13B","-0,74%"
"02/05/2023","6.863,30","6.915,72","6.920,34","6.814,34","13,65B","-0,76%"
"28/04/2023","6.915,72","6.945,48","6.958,67","6.897,71","13,06B","-0,43%"
"27/04/2023","6.945,48","6.910,85","6.971,91","6.877,65","16,16B","0,51%"
"26/04/2023","6.910,15","6.821,81","6.910,15","6.821,60","12,02B","1,29%"
"18/04/2023","6.821,81","6.787,58","6.839,76","6.784,17","10,37B","0,50%"
"17/04/2023","6.787,58","6.818,71","6.829,51","6.765,14","9,49B","-0,45%"
"14/04/2023","6.818,57","6.785,88","6.838,07","6.785,70","13,70B","0,49%"
"13/04/2023","6.785,60","6.798,54","6.816,88","6.764,66","16,15B","-0,20%"
"12/04/2023","6.798,96","6.811,46","6.833,74","6.775,28","15,14B","-0,18%"
"11/04/2023","6.811,31","6.771,23","6.811,31","6.738,77","16,14B","0,59%"
"10/04/2023","6.771,23","6.792,77","6.799,49","6.735,19","12,94B","-0,32%"
"06/04/2023","6.792,77","6.819,67","6.832,73","6.786,29","17,29B","-0,39%"
"05/04/2023","6.819,67","6.833,18","6.867,34","6.816,43","12,40B","-0,20%"
"04/04/2023","6.833,18","6.827,03","6.859,69","6.781,52","13,16B","0,09%"
"03/04/2023","6.827,17","6.805,28","6.849,36","6.805,13","12,75B","0,32%"
"31/03/2023","6.805,28","6.809,09","6.831,55","6.789,61","13,90B","-0,05%"
"30/03/2023","6.808,95","6.839,44","6.868,63","6.803,09","14,05B","-0,45%"
"29/03/2023","6.839,44","6.760,33","6.851,51","6.760,33","14,33B","1,17%"
"28/03/2023","6.760,33","6.708,93","6.764,65","6.708,93","12,61B","0,77%"
"27/03/2023","6.708,93","6.762,25","6.772,60","6.704,75","13,52B","-0,79%"
"24/03/2023","6.762,25","6.694,02","6.776,90","6.692,17","14,66B","1,06%"
"21/03/2023","6.691,61","6.612,49","6.691,61","6.609,22","14,55B","1,20%"
"20/03/2023","6.612,49","6.678,24","6.678,24","6.587,69","12,89B","-0,98%"
"17/03/2023","6.678,24","6.565,73","6.683,09","6.565,73","45,58B","1,71%"
"16/03/2023","6.565,73","6.628,14","6.630,77","6.542,79","15,44B","-0,94%"
"15/03/2023","6.628,14","6.641,81","6.709,86","6.628,14","13,92B","-0,21%"
"14/03/2023","6.641,81","6.786,67","6.786,67","6.635,38","16,66B","-2,14%"
"13/03/2023","6.786,96","6.765,02","6.812,87","6.727,44","14,18B","0,32%"
"10/03/2023","6.765,30","6.799,79","6.799,79","6.741,41","13,17B","-0,51%"
"09/03/2023","6.799,79","6.776,37","6.824,66","6.776,37","11,32B","0,35%"
"08/03/2023","6.776,37","6.766,76","6.776,37","6.728,19","14,41B","0,14%"
"07/03/2023","6.766,76","6.806,86","6.812,96","6.758,00","14,04B","-0,59%"
"06/03/2023","6.807,00","6.813,92","6.856,57","6.801,19","13,71B","-0,10%"
"03/03/2023","6.813,64","6.857,42","6.884,12","6.804,48","11,87B","-0,64%"
"02/03/2023","6.857,42","6.845,08","6.875,10","6.841,86","13,61B","0,18%"
"01/03/2023","6.844,94","6.843,10","6.889,51","6.833,19","14,63B","0,02%"
"28/02/2023","6.843,24","6.854,78","6.890,35","6.843,24","16,79B","-0,17%"
"27/02/2023","6.854,78","6.856,58","6.871,11","6.819,87","12,76B","-0,03%"
"24/02/2023","6.856,58","6.839,45","6.880,31","6.839,45","13,03B","0,25%"
"23/02/2023","6.839,45","6.810,11","6.839,45","6.807,00","12,45B","0,43%"
"22/02/2023","6.809,97","6.873,26","6.875,39","6.781,23","14,92B","-0,92%"
"21/02/2023","6.873,40","6.894,72","6.923,67","6.870,91","14,42B","-0,31%"
"20/02/2023","6.894,72","6.895,86","6.910,50","6.863,67","17,59B","-0,01%"
"17/02/2023","6.895,71","6.895,66","6.919,09","6.868,28","18,01B","0,00%"
"16/02/2023","6.895,66","6.914,54","6.933,28","6.875,30","17,36B","-0,27%"
"15/02/2023","6.914,54","6.941,85","6.946,03","6.872,87","14,85B","-0,39%"
"14/02/2023","6.941,85","6.900,14","6.941,85","6.900,14","16,28B","0,60%"
"13/02/2023","6.900,14","6.880,33","6.915,14","6.871,88","21,39B","0,29%"
"10/02/2023","6.880,33","6.895,24","6.895,24","6.803,42","14,08B","-0,25%"
"09/02/2023","6.897,37","6.940,12","6.961,15","6.896,04","17,67B","-0,62%"
"08/02/2023","6.940,12","6.935,30","6.961,92","6.912,11","17,27B","0,07%"
"07/02/2023","6.935,30","6.873,79","6.946,23","6.873,79","17,31B","0,89%"
"06/02/2023","6.873,79","6.911,73","6.924,88","6.835,76","14,35B","-0,55%"
"03/02/2023","6.911,73","6.890,71","6.951,97","6.890,71","20,29B","0,31%"
"02/02/2023","6.890,57","6.862,26","6.896,73","6.855,37","18,92B","0,41%"
"01/02/2023","6.862,26","6.838,92","6.893,18","6.838,92","14,59B","0,34%"
"31/01/2023","6.839,34","6.872,52","6.880,96","6.827,24","15,18B","-0,48%"
"30/01/2023","6.872,48","6.899,02","6.925,47","6.834,08","13,47B","-0,38%"
"27/01/2023","6.898,98","6.864,82","6.932,71","6.864,82","14,92B","0,50%"
"26/01/2023","6.864,82","6.829,97","6.874,87","6.815,79","17,11B","0,51%"
"25/01/2023","6.829,93","6.860,85","6.871,36","6.821,28","18,79B","-0,45%"
"24/01/2023","6.860,85","6.874,93","6.906,79","6.841,01","19,68B","-0,20%"
"20/01/2023","6.874,93","6.819,91","6.874,93","6.819,53","17,38B","0,81%"
"19/01/2023","6.819,91","6.765,75","6.820,98","6.754,55","15,42B","0,80%"
"18/01/2023","6.765,79","6.767,18","6.790,16","6.721,46","19,50B","-0,02%"
"17/01/2023","6.767,34","6.688,06","6.801,87","6.688,06","21,76B","1,19%"
"16/01/2023","6.688,06","6.641,83","6.688,06","6.627,70","15,49B","0,70%"
"13/01/2023","6.641,83","6.629,93","6.658,48","6.600,59","16,56B","0,18%"
"12/01/2023","6.629,93","6.584,49","6.662,23","6.574,09","14,89B","0,69%"
"11/01/2023","6.584,45","6.622,54","6.622,79","6.557,92","12,49B","-0,57%"
"10/01/2023","6.622,50","6.688,27","6.690,23","6.570,24","14,48B","-0,98%"
"09/01/2023","6.688,27","6.684,56","6.726,97","6.638,65","13,59B","0,06%"
"06/01/2023","6.684,56","6.653,76","6.708,64","6.598,65","10,99B","0,46%"
"05/01/2023","6.653,84","6.813,28","6.813,42","6.621,99","18,06B","-2,34%"
"04/01/2023","6.813,24","6.888,80","6.900,60","6.813,24","14,25B","-1,10%"
"03/01/2023","6.888,76","6.850,98","6.908,00","6.838,57","15,69B","0,55%"
"02/01/2023","6.850,98","6.850,74","6.856,89","6.823,48","10,96B","0,01%"
"30/12/2022","6.850,62","6.860,12","6.888,74","6.838,59","12,93B","-0,14%"
"29/12/2022","6.860,08","6.850,52","6.879,58","6.786,98","14,10B","0,14%"
"28/12/2022","6.850,52","6.923,07","6.953,04","6.828,14","12,06B","-1,05%"
"27/12/2022","6.923,03","6.835,85","6.933,89","6.835,66","12,17B","1,28%"
"26/12/2022","6.835,81","6.800,71","6.858,15","6.796,17","11,75B","0,52%"
"23/12/2022","6.800,67","6.824,39","6.824,39","6.784,59","12,04B","-0,35%"
"22/12/2022","6.824,43","6.820,70","6.844,12","6.800,62","12,90B","0,06%"
"21/12/2022","6.820,66","6.768,32","6.820,66","6.763,70","13,91B","0,77%"
"20/12/2022","6.768,32","6.779,70","6.792,20","6.715,04","15,18B","-0,17%"
"19/12/2022","6.779,70","6.812,15","6.827,81","6.754,09","12,79B","-0,48%"
"16/12/2022","6.812,19","6.751,86","6.812,19","6.693,77","15,61B","0,89%"
"15/12/2022","6.751,86","6.801,79","6.801,84","6.740,96","14,51B","-0,73%"
"14/12/2022","6.801,75","6.810,36","6.854,10","6.774,13","21,54B","-0,13%"
"13/12/2022","6.810,32","6.734,49","6.826,12","6.714,87","39,61B","1,13%"
"12/12/2022","6.734,45","6.715,12","6.734,45","6.641,81","13,45B","0,29%"
"09/12/2022","6.715,12","6.804,23","6.804,23","6.695,38","12,71B","-1,31%"
"08/12/2022","6.804,23","6.818,79","6.821,05","6.683,63","16,23B","-0,21%"
"07/12/2022","6.818,75","6.892,57","6.892,66","6.799,30","15,87B","-1,07%"
"06/12/2022","6.892,57","6.987,37","6.987,37","6.862,56","14,97B","-1,36%"
"05/12/2022","6.987,33","7.019,64","7.053,90","6.987,33","16,53B","-0,46%"
"02/12/2022","7.019,64","7.020,80","7.021,81","6.967,95","13,95B","-0,02%"
"01/12/2022","7.020,80","7.081,19","7.090,28","7.018,27","16,80B","-0,85%"
"30/11/2022","7.081,31","7.012,11","7.081,31","6.993,70","27,35B","0,99%"
"29/11/2022","7.012,07","7.017,32","7.036,54","6.990,90","16,41B","-0,08%"
"28/11/2022","7.017,36","7.053,11","7.083,38","7.011,45","18,72B","-0,51%"
"25/11/2022","7.053,15","7.080,55","7.086,56","7.013,22","15,87B","-0,39%"
"24/11/2022","7.080,52","7.054,16","7.104,89","7.054,16","15,99B","0,37%"
"23/11/2022","7.054,12","7.030,63","7.089,69","7.026,39","15,75B","0,33%"
"22/11/2022","7.030,59","7.063,25","7.108,83","7.030,59","17,76B","-0,46%"
"21/11/2022","7.063,25","7.082,18","7.107,32","7.050,44","16,28B","-0,27%"
"18/11/2022","7.082,18","7.045,03","7.094,10","7.027,75","16,72B","0,53%"
"17/11/2022","7.044,99","7.014,38","7.051,27","6.965,76","15,66B","0,44%"
"16/11/2022","7.014,38","7.035,50","7.047,00","6.955,53","16,51B","-0,30%"
"15/11/2022","7.035,50","7.019,39","7.048,39","6.999,24","16,78B","0,23%"
"14/11/2022","7.019,39","7.089,21","7.104,76","7.014,30","17,46B","-0,98%"
"11/11/2022","7.089,21","6.967,00","7.106,06","6.967,00","22,61B","1,76%"
"10/11/2022","6.966,84","7.070,08","7.070,08","6.956,29","18,85B","-1,46%"
"09/11/2022","7.070,08","7.050,09","7.073,55","7.037,31","18,74B","0,28%"
"08/11/2022","7.050,13","7.102,44","7.111,44","7.039,25","19,34B","-0,74%"
"07/11/2022","7.102,40","7.045,53","7.102,40","7.011,56","19,41B","0,81%"
"04/11/2022","7.045,53","7.034,57","7.045,53","6.973,32","18,06B","0,16%"
"03/11/2022","7.034,57","7.015,69","7.050,38","6.962,85","17,66B","0,27%"
"02/11/2022","7.015,69","7.052,30","7.074,23","6.976,87","16,52B","-0,52%"
"01/11/2022","7.052,30","7.098,93","7.128,14","7.018,55","19,31B","-0,66%"
"31/10/2022","7.098,89","7.056,04","7.113,11","7.051,43","19,24B","0,61%"
"28/10/2022","7.056,04","7.091,76","7.100,81","7.016,70","18,67B","-0,50%"
"27/10/2022","7.091,76","7.043,98","7.104,85","7.043,98","18,81B","0,68%"
"26/10/2022","7.043,94","7.048,42","7.081,88","7.017,94","18,78B","-0,06%"
"25/10/2022","7.048,38","7.053,08","7.108,82","7.032,54","22,35B","-0,07%"
"24/10/2022","7.053,04","7.017,81","7.092,17","7.017,46","20,39B","0,50%"
"21/10/2022","7.017,77","6.980,69","7.058,91","6.974,96","18,15B","0,53%"
"20/10/2022","6.980,65","6.860,42","6.986,21","6.847,07","22,57B","1,75%"
"19/10/2022","6.860,42","6.834,49","6.883,92","6.806,11","16,54B","0,38%"
"18/10/2022","6.834,49","6.831,15","6.891,98","6.809,98","20,48B","0,05%"
"17/10/2022","6.831,12","6.814,53","6.836,98","6.747,38","21,78B","0,24%"
"14/10/2022","6.814,53","6.880,67","6.943,85","6.814,53","18,81B","-0,96%"
"13/10/2022","6.880,63","6.909,21","6.933,71","6.880,63","17,52B","-0,41%"
"12/10/2022","6.909,21","6.939,15","6.990,59","6.870,28","22,58B","-0,43%"
"11/10/2022","6.939,15","6.994,40","7.001,97","6.937,81","23,74B","-0,79%"
"10/10/2022","6.994,40","7.026,66","7.026,66","6.947,72","22,01B","-0,46%"
"07/10/2022","7.026,78","7.076,62","7.081,02","7.008,14","22,69B","-0,70%"
"06/10/2022","7.076,62","7.075,38","7.135,91","7.066,47","17,76B","0,02%"
"05/10/2022","7.075,38","7.072,29","7.131,88","7.070,21","21,97B","0,04%"
"04/10/2022","7.072,26","7.009,84","7.101,47","7.009,84","21,64B","0,89%"
"03/10/2022","7.009,72","7.040,80","7.047,62","6.995,06","18,00B","-0,44%"
"30/09/2022","7.040,80","7.036,20","7.056,17","6.926,86","20,85B","0,07%"
"29/09/2022","7.036,20","7.077,11","7.135,50","7.023,21","21,41B","-0,58%"
"28/09/2022","7.077,03","7.112,41","7.156,98","7.073,47","19,34B","-0,50%"
"27/09/2022","7.112,45","7.127,50","7.133,41","7.075,65","22,72B","-0,21%"
"26/09/2022","7.127,50","7.178,50","7.178,50","7.039,24","19,34B","-0,71%"
"23/09/2022","7.178,58","7.219,03","7.219,03","7.172,53","20,55B","-0,56%"
"22/09/2022","7.218,91","7.188,19","7.225,55","7.127,46","28,26B","0,43%"
"21/09/2022","7.188,31","7.196,87","7.204,90","7.134,79","24,62B","-0,12%"
"20/09/2022","7.196,95","7.195,57","7.252,19","7.186,25","27,97B","0,02%"
"19/09/2022","7.195,49","7.168,95","7.231,42","7.151,62","25,28B","0,37%"
"16/09/2022","7.168,87","7.305,60","7.306,16","7.163,07","35,18B","-1,87%"
"15/09/2022","7.305,60","7.278,20","7.377,50","7.278,20","27,43B","0,38%"
"14/09/2022","7.278,08","7.317,90","7.317,90","7.219,32","25,02B","-0,55%"
"13/09/2022","7.318,02","7.254,46","7.345,46","7.254,42","28,53B","0,88%"
"12/09/2022","7.254,46","7.242,70","7.276,42","7.218,46","30,08B","0,16%"
"09/09/2022","7.242,66","7.232,06","7.270,30","7.206,37","27,36B","0,15%"
"08/09/2022","7.232,02","7.186,76","7.277,88","7.186,56","27,77B","0,63%"
"07/09/2022","7.186,76","7.233,15","7.243,52","7.166,63","32,82B","-0,64%"
"06/09/2022","7.233,15","7.231,92","7.287,70","7.230,79","34,64B","0,02%"
"05/09/2022","7.231,88","7.177,14","7.245,40","7.147,98","30,92B","0,76%"
"02/09/2022","7.177,18","7.153,10","7.207,62","7.146,81","28,48B","0,34%"
"01/09/2022","7.153,10","7.178,59","7.197,06","7.135,02","25,24B","-0,36%"
"31/08/2022","7.178,59","7.159,51","7.178,59","7.073,22","25,69B","0,27%"
"30/08/2022","7.159,47","7.132,08","7.223,13","7.131,62","30,83B","0,38%"
"29/08/2022","7.132,04","7.135,09","7.135,09","7.015,35","25,68B","-0,04%"
"26/08/2022","7.135,25","7.174,29","7.194,08","7.135,25","27,39B","-0,54%"
"25/08/2022","7.174,21","7.194,71","7.210,16","7.146,31","28,09B","-0,28%"
"24/08/2022","7.194,71","7.163,31","7.204,42","7.154,64","22,15B","0,44%"
"23/08/2022","7.163,27","7.107,86","7.183,26","7.106,83","26,06B","0,78%"
"22/08/2022","7.107,98","7.172,43","7.174,28","7.064,50","20,45B","-0,90%"
"19/08/2022","7.172,43","7.186,60","7.230,11","7.172,43","23,29B","-0,20%"
"18/08/2022","7.186,56","7.133,45","7.186,56","7.125,39","23,93B","0,74%"
"16/08/2022","7.133,45","7.093,28","7.147,97","7.080,75","23,12B","0,57%"
"15/08/2022","7.093,28","7.129,28","7.156,92","7.081,30","22,82B","-0,50%"
"12/08/2022","7.129,28","7.160,38","7.164,67","7.113,58","24,01B","-0,43%"
"11/08/2022","7.160,38","7.086,28","7.181,10","7.086,28","24,63B","1,05%"
"10/08/2022","7.086,24","7.102,88","7.104,03","7.021,67","20,04B","-0,23%"
"09/08/2022","7.102,88","7.086,85","7.144,20","7.086,85","26,32B","0,23%"
"08/08/2022","7.086,85","7.084,65","7.100,81","7.050,82","21,90B","0,03%"
"05/08/2022","7.084,65","7.057,35","7.090,77","7.045,98","17,39B","0,39%"
"04/08/2022","7.057,35","7.046,63","7.075,56","7.025,05","24,82B","0,15%"
"03/08/2022","7.046,63","6.988,16","7.046,63","6.971,74","22,58B","0,84%"
"02/08/2022","6.988,16","6.968,78","6.991,39","6.902,63","21,62B","0,28%"
"01/08/2022","6.968,78","6.951,12","7.005,29","6.949,63","23,85B","0,25%"
"29/07/2022","6.951,12","6.956,90","7.032,35","6.951,12","29,25B","-0,08%"
"28/07/2022","6.956,82","6.898,30","6.984,53","6.898,30","28,73B","0,85%"
"27/07/2022","6.898,22","6.871,50","6.911,90","6.861,45","27,68B","0,39%"
"26/07/2022","6.871,54","6.858,45","6.899,93","6.857,80","32,02B","0,19%"
"25/07/2022","6.858,41","6.887,04","6.908,19","6.858,41","21,06B","-0,41%"
"22/07/2022","6.886,96","6.864,13","6.901,72","6.850,49","19,96B","0,33%"
"21/07/2022","6.864,13","6.874,78","6.893,38","6.809,72","15,64B","-0,15%"
"20/07/2022","6.874,74","6.736,17","6.880,76","6.736,06","18,25B","2,06%"
"19/07/2022","6.736,09","6.659,29","6.740,08","6.626,25","17,08B","1,15%"
"18/07/2022","6.659,25","6.652,06","6.702,07","6.611,93","14,37B","0,11%"
"15/07/2022","6.651,90","6.690,09","6.716,96","6.645,90","14,57B","-0,57%"
"14/07/2022","6.690,09","6.640,99","6.700,05","6.607,70","13,13B","0,74%"
"13/07/2022","6.640,99","6.718,29","6.727,92","6.636,05","16,93B","-1,15%"
"12/07/2022","6.718,29","6.722,19","6.745,43","6.708,18","18,43B","-0,06%"
"11/07/2022","6.722,15","6.740,02","6.757,09","6.690,62","16,36B","-0,27%"
"08/07/2022","6.740,22","6.652,67","6.740,22","6.652,67","15,76B","1,32%"
"07/07/2022","6.652,59","6.646,41","6.682,67","6.632,39","15,80B","0,09%"
"06/07/2022","6.646,41","6.703,27","6.709,92","6.602,90","14,06B","-0,85%"
"05/07/2022","6.703,27","6.639,21","6.767,83","6.639,21","18,11B","0,97%"
"04/07/2022","6.639,17","6.794,37","6.796,52","6.559,64","17,29B","-2,28%"
"01/07/2022","6.794,33","6.911,58","6.940,98","6.777,32","15,74B","-1,70%"
"30/06/2022","6.911,58","6.942,35","6.990,86","6.897,68","16,48B","-0,44%"
"29/06/2022","6.942,35","6.996,46","7.016,06","6.942,35","16,47B","-0,77%"
"28/06/2022","6.996,46","7.016,14","7.016,92","6.960,07","17,26B","-0,28%"
"27/06/2022","7.016,06","7.043,02","7.070,52","6.973,66","18,14B","-0,38%"
"24/06/2022","7.042,94","6.998,35","7.067,75","6.997,92","20,15B","0,64%"
"23/06/2022","6.998,27","6.984,31","7.010,27","6.920,73","21,21B","0,20%"
"22/06/2022","6.984,31","7.044,11","7.063,26","6.968,30","21,42B","-0,85%"
"21/06/2022","7.044,07","6.976,34","7.049,91","6.967,62","23,54B","0,97%"
"20/06/2022","6.976,38","6.937,01","6.976,38","6.859,60","27,04B","0,57%"
"17/06/2022","6.936,97","6.987,75","6.999,54","6.882,64","28,16B","-1,61%"
"16/06/2022","7.050,33","7.063,08","7.138,50","7.025,93","26,86B","0,62%"
"15/06/2022","7.007,05","7.031,20","7.086,38","6.966,03","27,41B","-0,61%"
"14/06/2022","7.049,88","6.949,65","7.049,88","6.932,71","23,50B","0,78%"
"13/06/2022","6.995,44","6.992,23","6.996,71","6.924,95","26,29B","-1,29%"
"10/06/2022","7.086,65","7.143,24","7.160,12","7.051,22","24,46B","-1,34%"
"09/06/2022","7.182,83","7.186,89","7.258,00","7.174,82","27,00B","-0,15%"
"08/06/2022","7.193,31","7.133,50","7.220,08","7.102,86","26,06B","0,73%"
"07/06/2022","7.141,04","7.101,31","7.192,54","7.062,97","27,52B","0,63%"
"06/06/2022","7.096,58","7.163,17","7.194,54","7.056,17","23,12B","-1,20%"
"03/06/2022","7.182,96","7.176,68","7.234,00","7.170,69","24,06B","0,48%"
"02/06/2022","7.148,72","7.130,60","7.209,08","7.117,98","22,74B","0,00%"
"31/05/2022","7.148,97","7.064,23","7.148,97","7.033,76","27,96B","1,58%"
"30/05/2022","7.037,56","7.052,17","7.069,25","6.974,62","20,15B","0,16%"
"27/05/2022","7.026,26","6.948,23","7.032,82","6.938,29","19,69B","2,07%"
"25/05/2022","6.883,50","6.914,65","6.944,48","6.858,70","17,39B","-0,44%"
"24/05/2022","6.914,14","6.859,22","6.941,67","6.822,14","19,78B","1,07%"
"23/05/2022","6.840,77","6.930,94","6.972,18","6.802,71","18,18B","-1,12%"
"20/05/2022","6.918,14","6.839,02","6.965,11","6.804,91","19,32B","1,39%"
"19/05/2022","6.823,33","6.719,76","6.851,72","6.620,68","23,47B","0,44%"
"18/05/2022","6.793,41","6.676,39","6.804,91","6.648,94","19,23B","2,24%"
"17/05/2022","6.644,47","6.603,89","6.703,05","6.574,14","19,59B","0,70%"
"13/05/2022","6.597,99","6.586,58","6.633,01","6.509,88","17,77B","-0,03%"
"12/05/2022","6.599,84","6.802,33","6.802,33","6.576,31","19,47B","-3,17%"
"11/05/2022","6.816,20","6.816,20","6.902,22","6.796,30","20,62B","-0,05%"
"10/05/2022","6.819,79","6.747,56","6.832,10","6.662,61","19,31B","-1,30%"
"09/05/2022","6.909,75","7.154,92","7.156,48","6.897,00","21,28B","-4,42%"
"28/04/2022","7.228,91","7.260,27","7.267,11","7.204,60","19,43B","0,45%"
"27/04/2022","7.196,76","7.211,71","7.226,02","7.175,07","20,20B","-0,49%"
"26/04/2022","7.232,15","7.208,92","7.247,48","7.161,66","19,74B","0,22%"
"25/04/2022","7.215,98","7.204,16","7.234,31","7.121,86","21,23B","-0,13%"
"22/04/2022","7.225,61","7.251,98","7.291,48","7.174,81","24,98B","-0,70%"
"21/04/2022","7.276,19","7.249,50","7.294,67","7.245,73","17,71B","0,68%"
"20/04/2022","7.227,36","7.226,87","7.262,56","7.184,96","26,63B","0,39%"
"19/04/2022","7.199,23","7.283,42","7.297,39","7.199,23","21,48B","-1,05%"
"18/04/2022","7.275,29","7.245,50","7.277,08","7.243,36","21,08B","0,55%"
"14/04/2022","7.235,53","7.265,32","7.282,91","7.234,33","23,87B","-0,38%"
"13/04/2022","7.262,78","7.240,19","7.266,40","7.212,86","24,59B","0,67%"
"12/04/2022","7.214,78","7.205,08","7.320,24","7.146,59","25,39B","0,15%"
"11/04/2022","7.203,79","7.212,00","7.355,30","7.194,61","33,46B","-0,10%"
"08/04/2022","7.210,83","7.157,31","7.216,49","7.151,26","20,74B","1,17%"
"07/04/2022","7.127,37","7.115,09","7.145,17","7.097,90","20,48B","0,33%"
"06/04/2022","7.104,22","7.128,41","7.147,99","7.090,22","21,67B","-0,62%"
"05/04/2022","7.148,30","7.122,91","7.148,30","7.110,11","18,42B","0,45%"
"04/04/2022","7.116,22","7.082,25","7.116,22","7.060,21","17,36B","0,53%"
"01/04/2022","7.078,76","7.093,70","7.099,30","7.040,49","15,76B","0,10%"
"31/03/2022","7.071,44","7.070,76","7.099,50","7.049,81","17,87B","0,26%"
"30/03/2022","7.053,19","7.037,20","7.055,87","7.022,65","19,46B","0,59%"
"29/03/2022","7.011,69","7.052,73","7.072,78","7.007,91","18,52B","-0,54%"
"28/03/2022","7.049,60","6.996,32","7.051,54","6.987,22","17,40B","0,67%"
"25/03/2022","7.002,53","7.050,55","7.055,34","6.978,40","20,19B","-0,67%"
"24/03/2022","7.049,69","6.986,18","7.049,69","6.977,83","26,50B","0,77%"
"23/03/2022","6.996,12","7.010,84","7.022,04","6.976,16","21,42B","-0,07%"
"22/03/2022","7.000,82","6.974,98","7.003,26","6.968,20","18,83B","0,66%"
"21/03/2022","6.955,18","6.945,89","6.974,15","6.929,93","21,67B","0,00%"
"18/03/2022","6.954,96","6.981,26","7.000,59","6.926,41","19,81B","-0,14%"
"17/03/2022","6.964,38","7.016,53","7.032,70","6.949,17","19,74B","-0,40%"
"16/03/2022","6.992,40","6.951,35","6.992,40","6.946,84","17,13B","1,07%"
"15/03/2022","6.918,19","6.968,35","6.996,32","6.894,92","18,97B","-0,49%"
"14/03/2022","6.952,20","6.949,21","6.969,99","6.918,31","19,33B","0,43%"
"11/03/2022","6.922,60","6.872,63","6.922,60","6.853,86","17,41B","-0,02%"
"10/03/2022","6.924,01","6.897,17","6.924,01","6.837,73","19,41B","0,87%"
"09/03/2022","6.864,44","6.836,67","6.888,93","6.824,09","21,00B","0,74%"
"08/03/2022","6.814,18","6.895,63","6.929,86","6.814,18","24,62B","-0,80%"
"07/03/2022","6.869,07","6.905,32","6.917,93","6.843,81","26,13B","-0,86%"
"04/03/2022","6.928,33","6.921,32","6.936,99","6.895,73","24,75B","0,87%"
"02/03/2022","6.868,40","6.956,62","6.973,36","6.861,96","32,58B","-0,77%"
"01/03/2022","6.921,44","6.964,70","6.996,94","6.915,98","19,60B","0,48%"
"25/02/2022","6.888,17","6.825,37","6.904,91","6.822,24","21,19B","1,03%"
"24/02/2022","6.817,82","6.912,48","6.929,91","6.758,86","28,27B","-1,48%"
"23/02/2022","6.920,06","6.878,63","6.920,06","6.873,81","20,48B","0,85%"
"22/02/2022","6.861,99","6.879,82","6.904,00","6.823,94","19,62B","-0,59%"
"21/02/2022","6.902,96","6.896,75","6.927,91","6.886,13","23,16B","0,15%"
"18/02/2022","6.892,82","6.837,52","6.899,41","6.812,36","23,38B","0,84%"
"17/02/2022","6.835,12","6.836,18","6.859,71","6.790,59","22,95B","-0,22%"
"16/02/2022","6.850,20","6.821,93","6.857,65","6.821,16","21,63B","0,63%"
"15/02/2022","6.807,50","6.746,36","6.807,50","6.727,36","21,04B","1,08%"
"14/02/2022","6.734,49","6.791,32","6.796,71","6.698,51","20,29B","-1,19%"
"11/02/2022","6.815,61","6.813,61","6.825,06","6.773,54","22,36B","-0,12%"
"10/02/2022","6.823,64","6.859,33","6.874,35","6.814,21","27,95B","-0,16%"
"09/02/2022","6.834,61","6.811,75","6.840,39","6.796,63","25,35B","0,66%"
"08/02/2022","6.789,52","6.813,18","6.860,75","6.780,42","25,59B","-0,23%"
"07/02/2022","6.804,94","6.751,35","6.806,73","6.748,91","22,59B","1,09%"
"04/02/2022","6.731,39","6.697,94","6.731,39","6.685,40","17,73B","0,71%"
"03/02/2022","6.683,85","6.724,40","6.730,60","6.648,08","20,24B","-0,35%"
"02/02/2022","6.707,65","6.657,79","6.716,60","6.650,30","21,48B","1,15%"
"31/01/2022","6.631,15","6.656,71","6.669,91","6.626,66","18,25B","-0,22%"
"28/01/2022","6.645,51","6.618,72","6.645,51","6.603,49","19,27B","0,52%"
"27/01/2022","6.611,16","6.586,85","6.627,41","6.570,75","17,78B","0,16%"
"26/01/2022","6.600,82","6.569,82","6.601,34","6.549,52","22,63B","0,50%"
"25/01/2022","6.568,17","6.630,88","6.632,95","6.523,93","21,32B","-1,31%"
"24/01/2022","6.655,17","6.700,82","6.712,26","6.645,41","17,62B","-1,06%"
"21/01/2022","6.726,37","6.626,35","6.726,37","6.607,42","15,46B","1,50%"
"20/01/2022","6.626,87","6.607,80","6.637,21","6.587,77","15,83B","0,53%"
"19/01/2022","6.591,98","6.609,83","6.615,45","6.575,38","17,14B","-0,33%"
"18/01/2022","6.614,06","6.654,96","6.667,40","6.534,27","17,28B","-0,47%"
"17/01/2022","6.645,05","6.711,41","6.711,82","6.625,86","14,86B","-0,72%"
"14/01/2022","6.693,40","6.653,65","6.699,41","6.631,05","14,05B","0,53%"
"13/01/2022","6.658,36","6.659,97","6.667,94","6.626,34","18,08B","0,17%"
"12/01/2022","6.647,06","6.662,40","6.690,32","6.625,76","19,29B","-0,01%"
"11/01/2022","6.647,97","6.705,80","6.727,77","6.636,50","18,11B","-0,64%"
"10/01/2022","6.691,12","6.697,38","6.725,02","6.689,28","15,94B","-0,15%"
"07/01/2022","6.701,32","6.669,51","6.712,15","6.647,71","15,71B","0,72%"
"06/01/2022","6.653,35","6.674,85","6.679,85","6.593,23","18,00B","-0,13%"
"05/01/2022","6.662,30","6.703,17","6.738,11","6.634,84","17,91B","-0,49%"
"04/01/2022","6.695,37","6.675,13","6.720,66","6.675,13","18,59B","0,45%"
"03/01/2022","6.665,31","6.586,26","6.677,20","6.586,13","18,26B","1,27%"
"30/12/2021","6.581,48","6.609,44","6.613,73","6.581,48","19,20B","-0,29%"
"29/12/2021","6.600,68","6.603,76","6.621,58","6.585,40","20,05B","0,04%"
"28/12/2021","6.598,34","6.588,13","6.615,95","6.586,52","19,18B","0,35%"
"27/12/2021","6.575,44","6.570,56","6.588,43","6.562,55","17,90B","0,19%"
"24/12/2021","6.562,90","6.559,09","6.583,86","6.554,98","17,64B","0,11%"
"23/12/2021","6.555,55","6.537,60","6.570,29","6.531,78","21,00B","0,40%"
"22/12/2021","6.529,59","6.572,53","6.592,17","6.529,59","18,72B","-0,38%"
"21/12/2021","6.554,31","6.545,54","6.579,89","6.531,56","18,65B","0,11%"
"20/12/2021","6.547,11","6.571,35","6.579,13","6.533,52","18,13B","-0,83%"
"17/12/2021","6.601,93","6.584,89","6.609,05","6.559,30","21,02B","0,11%"
"16/12/2021","6.594,80","6.648,29","6.661,94","6.579,36","18,59B","-0,47%"
"15/12/2021","6.626,26","6.615,72","6.662,84","6.610,45","19,60B","0,16%"
"14/12/2021","6.615,64","6.665,38","6.671,31","6.598,69","18,76B","-0,71%"
"13/12/2021","6.662,87","6.663,74","6.688,38","6.659,17","23,21B","0,15%"
"10/12/2021","6.652,92","6.618,69","6.652,92","6.605,42","22,92B","0,14%"
"09/12/2021","6.643,93","6.617,13","6.643,93","6.602,88","24,02B","0,61%"
"08/12/2021","6.603,80","6.618,76","6.632,94","6.584,97","21,69B","0,02%"
"07/12/2021","6.602,57","6.575,98","6.608,63","6.573,11","21,24B","0,85%"
"06/12/2021","6.547,12","6.552,82","6.585,26","6.525,98","18,01B","0,13%"
"03/12/2021","6.538,51","6.588,01","6.600,16","6.536,91","17,26B","-0,69%"
"02/12/2021","6.583,82","6.517,34","6.586,90","6.484,58","21,08B","1,17%"
"01/12/2021","6.507,68","6.544,52","6.593,07","6.494,50","19,51B","-0,40%"
"30/11/2021","6.533,93","6.605,80","6.647,48","6.533,93","21,68B","-1,13%"
"29/11/2021","6.608,29","6.552,80","6.617,29","6.487,75","","0,71%"
"26/11/2021","6.561,55","6.688,57","6.691,71","6.544,90","24,25B","-2,06%"
"25/11/2021","6.699,35","6.694,96","6.751,00","6.694,80","21,57B","0,24%"
"24/11/2021","6.683,28","6.697,42","6.698,41","6.668,05","22,46B","0,08%"
"23/11/2021","6.677,88","6.716,16","6.732,90","6.662,54","18,63B","-0,68%"
"22/11/2021","6.723,39","6.731,52","6.754,46","6.690,82","21,81B","0,05%"
"19/11/2021","6.720,26","6.651,78","6.720,99","6.651,78","25,88B","1,26%"
"18/11/2021","6.636,47","6.653,70","6.669,79","6.621,69","24,80B","-0,59%"
"17/11/2021","6.675,80","6.667,86","6.679,30","6.650,49","21,72B","0,37%"
"16/11/2021","6.651,21","6.598,41","6.654,52","6.592,23","20,70B","0,53%"
"15/11/2021","6.616,03","6.661,85","6.675,60","6.610,82","20,33B","-0,53%"
"12/11/2021","6.651,05","6.710,85","6.714,16","6.646,32","19,86B","-0,60%"
"11/11/2021","6.691,34","6.694,58","6.704,46","6.671,23","20,92B","0,12%"
"10/11/2021","6.683,15","6.665,55","6.683,15","6.651,80","15,34B","0,20%"
"09/11/2021","6.669,93","6.640,22","6.669,93","6.633,21","19,24B","0,57%"
"08/11/2021","6.632,30","6.599,40","6.637,01","6.592,06","16,74B","0,77%"
"05/11/2021","6.581,78","6.600,72","6.608,43","6.550,12","15,41B","-0,07%"
"04/11/2021","6.586,44","6.588,19","6.617,86","6.583,17","15,53B","0,52%"
"03/11/2021","6.552,13","6.497,86","6.561,81","6.485,25","17,16B","0,91%"
"02/11/2021","6.493,27","6.557,94","6.573,69","6.480,01","16,53B","-0,91%"
"01/11/2021","6.552,89","6.618,12","6.627,85","6.552,89","18,25B","-0,58%"
"29/10/2021","6.591,35","6.561,71","6.596,77","6.551,54","17,15B","1,03%"
"28/10/2021","6.524,08","6.578,58","6.600,25","6.509,88","18,93B","-1,18%"
"27/10/2021","6.602,21","6.664,37","6.670,81","6.590,51","18,25B","-0,82%"
"26/10/2021","6.656,94","6.640,05","6.680,12","6.638,03","18,02B","0,47%"
"25/10/2021","6.625,70","6.626,37","6.673,52","6.625,70","17,56B","-0,27%"
"22/10/2021","6.643,74","6.620,66","6.655,44","6.585,56","16,58B","0,16%"
"21/10/2021","6.632,97","6.670,27","6.687,13","6.602,07","21,51B","-0,35%"
"19/10/2021","6.656,00","6.665,72","6.677,60","6.613,89","18,85B","-0,04%"
"18/10/2021","6.658,77","6.649,28","6.684,82","6.620,85","18,86B","0,38%"
"15/10/2021","6.633,34","6.645,26","6.680,01","6.573,34","16,01B","0,11%"
"14/10/2021","6.626,11","6.552,21","6.637,40","6.552,21","17,82B","1,36%"
"13/10/2021","6.536,90","6.502,16","6.600,52","6.492,66","19,35B","0,78%"
"12/10/2021","6.486,27","6.462,31","6.504,01","6.460,09","20,46B","0,41%"
"11/10/2021","6.459,70","6.482,96","6.506,09","6.451,68","20,48B","-0,34%"
"08/10/2021","6.481,77","6.440,00","6.497,66","6.436,52","23,13B","1,02%"
"07/10/2021","6.416,40","6.414,91","6.458,64","6.392,73","18,32B","-0,01%"
"06/10/2021","6.417,32","6.313,65","6.441,50","6.307,11","23,14B","2,06%"
"05/10/2021","6.288,05","6.337,33","6.361,45","6.277,70","26,83B","-0,86%"
"04/10/2021","6.342,69","6.234,80","6.342,69","6.234,80","25,79B","1,83%"
"01/10/2021","6.228,85","6.269,24","6.272,06","6.202,91","19,03B","-0,92%"
"30/09/2021","6.286,94","6.175,42","6.286,94","6.174,18","20,27B","2,02%"
"29/09/2021","6.162,55","6.100,83","6.162,55","6.086,26","23,07B","0,81%"
"28/09/2021","6.113,11","6.128,06","6.137,95","6.097,72","27,26B","-0,15%"
"27/09/2021","6.122,49","6.141,47","6.163,28","6.109,67","20,66B","-0,36%"
"24/09/2021","6.144,81","6.142,29","6.163,88","6.119,14","19,63B","0,03%"
"23/09/2021","6.142,71","6.117,64","6.148,15","6.117,58","21,33B","0,56%"
"22/09/2021","6.108,27","6.060,31","6.123,74","6.059,63","18,43B","0,78%"
"21/09/2021","6.060,76","6.049,79","6.068,79","5.996,41","17,96B","-0,26%"
"20/09/2021","6.076,31","6.132,03","6.133,17","6.053,93","17,66B","-0,93%"
"17/09/2021","6.133,25","6.098,88","6.133,25","6.086,08","22,47B","0,38%"
"16/09/2021","6.109,94","6.126,56","6.137,67","6.098,88","21,89B","0,00%"
"15/09/2021","6.110,23","6.123,91","6.125,33","6.100,00","18,87B","-0,31%"
"14/09/2021","6.129,10","6.100,63","6.130,86","6.099,16","20,17B","0,67%"
"13/09/2021","6.088,16","6.080,06","6.094,99","6.052,97","15,89B","-0,11%"
"10/09/2021","6.094,87","6.059,15","6.102,83","6.047,61","19,29B","0,44%"
"09/09/2021","6.068,22","6.024,32","6.072,64","5.982,77","21,47B","0,70%"
"08/09/2021","6.026,02","6.114,48","6.123,76","6.001,58","19,64B","-1,41%"
"07/09/2021","6.112,40","6.135,87","6.145,49","6.100,94","18,07B","-0,24%"
"06/09/2021","6.126,94","6.137,13","6.150,36","6.100,93","17,39B","0,00%"
"03/09/2021","6.126,92","6.085,63","6.126,92","6.056,19","17,15B","0,80%"
"02/09/2021","6.078,23","6.092,65","6.110,05","6.054,28","17,94B","-0,21%"
"01/09/2021","6.090,93","6.157,82","6.169,06","6.089,23","19,46B","-0,97%"
"31/08/2021","6.150,30","6.148,77","6.158,07","6.117,50","18,91B","0,09%"
"30/08/2021","6.144,90","6.062,11","6.144,90","6.062,11","15,93B","1,71%"
"27/08/2021","6.041,37","6.052,83","6.066,49","6.021,95","15,70B","-0,28%"
"26/08/2021","6.058,08","6.107,04","6.119,66","6.034,05","17,30B","-0,90%"
"25/08/2021","6.113,24","6.094,15","6.131,91","6.093,10","21,43B","0,39%"
"24/08/2021","6.089,50","6.114,67","6.138,50","6.053,57","23,90B","-0,33%"
"23/08/2021","6.109,83","6.037,70","6.109,83","6.037,70","19,38B","1,31%"
"20/08/2021","6.030,77","5.988,76","6.030,77","5.938,41","20,10B","0,64%"
"19/08/2021","5.992,32","6.110,55","6.111,01","5.958,04","21,44B","-2,06%"
"18/08/2021","6.118,15","6.109,56","6.136,28","6.040,60","20,90B","0,50%"
"16/08/2021","6.087,91","6.144,94","6.147,30","6.056,74","17,17B","-0,84%"
"13/08/2021","6.139,49","6.154,05","6.179,90","6.113,26","16,37B","0,00%"
"12/08/2021","6.139,65","6.092,24","6.139,81","6.051,85","20,70B","0,84%"
"10/08/2021","6.088,41","6.139,34","6.147,77","6.042,48","20,50B","-0,64%"
"09/08/2021","6.127,46","6.203,75","6.239,02","6.110,55","29,36B","-1,22%"
"06/08/2021","6.203,43","6.223,83","6.263,54","6.190,86","24,55B","-0,03%"
"05/08/2021","6.205,42","6.174,61","6.218,65","6.173,57","26,83B","0,75%"
"04/08/2021","6.159,03","6.142,48","6.163,81","6.112,72","27,12B","0,46%"
"03/08/2021","6.130,57","6.108,00","6.142,52","6.105,11","22,68B","0,56%"
"02/08/2021","6.096,54","6.098,01","6.112,83","6.048,10","21,63B","0,44%"
"30/07/2021","6.070,04","6.136,37","6.160,46","6.069,84","19,36B","-0,83%"
"29/07/2021","6.120,73","6.106,61","6.135,35","6.096,50","17,89B","0,53%"
"28/07/2021","6.088,52","6.094,54","6.116,51","6.074,87","16,12B","-0,14%"
"27/07/2021","6.097,05","6.120,93","6.144,59","6.068,51","17,92B","-0,15%"
"26/07/2021","6.106,39","6.109,03","6.137,05","6.091,02","15,62B","0,08%"
"23/07/2021","6.101,69","6.145,76","6.166,31","6.090,60","14,33B","-0,58%"
"22/07/2021","6.137,55","6.057,54","6.137,55","6.057,54","17,84B","1,78%"
"21/07/2021","6.029,98","6.034,57","6.053,19","6.020,86","15,31B","0,21%"
"19/07/2021","6.017,39","6.062,97","6.063,65","6.015,15","12,30B","-0,91%"
"16/07/2021","6.072,51","6.063,42","6.079,14","6.051,76","12,94B","0,43%"
"15/07/2021","6.046,75","5.986,65","6.046,75","5.982,80","14,10B","1,13%"
"14/07/2021","5.979,22","6.008,24","6.013,04","5.947,62","13,85B","-0,55%"
"13/07/2021","6.012,03","6.097,23","6.114,29","6.004,82","17,26B","-1,09%"
"12/07/2021","6.078,57","6.060,05","6.097,12","6.055,99","13,54B","0,64%"
"09/07/2021","6.039,84","6.037,00","6.060,54","6.026,55","13,64B","0,00%"
"08/07/2021","6.039,90","6.052,80","6.080,22","6.028,61","15,95B","-0,07%"
"07/07/2021","6.044,04","6.062,77","6.066,99","6.022,31","16,55B","-0,05%"
"06/07/2021","6.047,11","6.015,58","6.054,61","6.013,06","16,10B","0,69%"
"05/07/2021","6.005,61","6.024,16","6.036,98","5.985,35","13,17B","-0,29%"
"02/07/2021","6.023,01","6.020,07","6.043,43","6.014,87","14,68B","0,28%"
"01/07/2021","6.005,96","6.001,12","6.039,03","5.969,10","14,10B","0,34%"
"30/06/2021","5.985,49","5.950,43","6.011,26","5.950,42","20,32B","0,61%"
"29/06/2021","5.949,05","5.944,24","5.992,86","5.913,59","18,88B","0,16%"
"28/06/2021","5.939,47","6.015,28","6.030,89","5.939,47","14,58B","-1,38%"
"25/06/2021","6.022,40","6.027,22","6.067,79","6.019,40","17,24B","0,17%"
"24/06/2021","6.012,06","6.052,08","6.060,49","6.003,20","16,85B","-0,37%"
"23/06/2021","6.034,54","6.095,90","6.130,10","6.034,54","19,96B","-0,88%"
"22/06/2021","6.087,84","6.006,66","6.118,86","6.006,66","15,12B","1,53%"
"21/06/2021","5.996,25","5.959,97","6.021,49","5.884,92","16,00B","-0,18%"
"18/06/2021","6.007,12","6.065,52","6.070,42","5.944,05","23,80B","-1,01%"
"17/06/2021","6.068,45","6.063,54","6.082,29","6.034,83","20,51B","-0,17%"
"16/06/2021","6.078,57","6.071,44","6.114,10","6.049,57","15,30B","-0,17%"
"15/06/2021","6.089,04","6.085,36","6.091,37","6.051,24","16,36B","0,14%"
"14/06/2021","6.080,38","6.110,80","6.124,87","6.071,73","19,62B","-0,25%"
"11/06/2021","6.095,50","6.118,38","6.134,88","6.084,24","19,65B","-0,20%"
"10/06/2021","6.107,54","6.065,93","6.111,45","6.064,93","21,58B","0,99%"
"09/06/2021","6.047,48","5.973,04","6.047,48","5.972,45","23,93B","0,80%"
"08/06/2021","5.999,37","6.071,25","6.075,89","5.992,12","26,52B","-1,16%"
"07/06/2021","6.069,94","6.075,51","6.088,00","6.050,80","20,00B","0,08%"
"04/06/2021","6.065,17","6.091,13","6.103,86","6.043,86","15,87B","-0,43%"
"03/06/2021","6.091,51","6.038,86","6.091,51","6.005,64","18,13B","0,99%"
"02/06/2021","6.031,58","6.002,48","6.031,58","5.991,51","17,85B","1,41%"
"31/05/2021","5.947,46","5.869,22","5.947,46","5.860,54","16,90B","1,69%"
"28/05/2021","5.848,62","5.875,27","5.891,47","5.833,34","18,15B","0,12%"
"27/05/2021","5.841,83","5.850,50","5.904,84","5.841,83","21,19B","0,45%"
"25/05/2021","5.815,84","5.772,94","5.848,55","5.769,29","14,46B","0,91%"
"24/05/2021","5.763,63","5.793,07","5.805,15","5.759,34","14,14B","-0,16%"
"21/05/2021","5.773,12","5.824,11","5.838,23","5.742,04","13,37B","-0,42%"
"20/05/2021","5.797,60","5.759,63","5.814,78","5.751,34","11,40B","0,64%"
"19/05/2021","5.760,58","5.817,14","5.828,21","5.752,26","13,83B","-1,27%"
"18/05/2021","5.834,39","5.836,08","5.855,67","5.782,78","16,03B","0,01%"
"17/05/2021","5.833,86","5.950,14","5.958,79","5.817,71","15,06B","-1,76%"
"11/05/2021","5.938,35","5.965,85","5.966,66","5.911,38","12,08B","-0,63%"
"10/05/2021","5.975,79","5.942,11","5.985,37","5.941,93","12,01B","0,80%"
"07/05/2021","5.928,31","5.987,33","5.994,33","5.922,49","12,18B","-0,70%"
"06/05/2021","5.970,24","5.987,07","6.005,09","5.950,90","12,04B","-0,09%"
"05/05/2021","5.975,91","5.974,56","5.992,93","5.971,31","13,12B","0,20%"
"04/05/2021","5.963,82","5.955,40","5.974,68","5.932,32","14,15B","0,19%"
"03/05/2021","5.952,60","5.999,66","6.004,01","5.938,88","15,20B","-0,72%"
"30/04/2021","5.995,62","6.026,53","6.033,90","5.985,02","13,68B","-0,29%"
"29/04/2021","6.012,96","6.005,80","6.019,02","5.987,74","13,10B","0,64%"
"28/04/2021","5.974,48","5.959,95","5.981,90","5.953,94","12,77B","0,25%"
"27/04/2021","5.959,62","5.987,00","6.003,92","5.950,87","12,29B","-0,09%"
"26/04/2021","5.964,82","6.018,34","6.027,75","5.955,62","12,28B","-0,86%"
"23/04/2021","6.016,86","6.000,91","6.027,06","5.973,25","15,15B","0,38%"
"22/04/2021","5.994,18","6.004,79","6.024,94","5.980,45","13,98B","0,02%"
"21/04/2021","5.993,24","6.010,27","6.025,50","5.989,98","11,73B","-0,75%"
"20/04/2021","6.038,32","6.029,99","6.045,69","5.997,95","10,67B","-0,23%"
"19/04/2021","6.052,54","6.084,78","6.096,99","6.031,83","15,98B","-0,55%"
"16/04/2021","6.086,26","6.102,38","6.115,62","6.062,92","15,80B","0,11%"
"15/04/2021","6.079,50","6.057,61","6.079,50","6.029,15","13,22B","0,48%"
"14/04/2021","6.050,28","5.964,03","6.050,28","5.962,32","14,19B","2,07%"
"13/04/2021","5.927,44","5.944,53","5.957,61","5.883,52","10,74B","-0,36%"
"12/04/2021","5.948,57","6.080,79","6.088,83","5.942,71","13,02B","-2,00%"
"09/04/2021","6.070,21","6.101,72","6.113,16","6.070,21","16,13B","-0,02%"
"08/04/2021","6.071,72","6.035,04","6.073,91","6.030,29","16,95B","0,58%"
"07/04/2021","6.036,62","6.011,96","6.040,46","5.982,07","14,15B","0,56%"
"06/04/2021","6.002,77","5.973,99","6.008,51","5.944,42","12,64B","0,54%"
"05/04/2021","5.970,29","6.040,06","6.051,62","5.964,48","12,21B","-0,68%"
"01/04/2021","6.011,46","5.988,02","6.020,16","5.960,82","10,64B","0,43%"
"31/03/2021","5.985,52","6.062,95","6.066,84","5.892,65","12,31B","-1,42%"
"30/03/2021","6.071,44","6.163,72","6.170,67","6.046,47","11,87B","-1,55%"
"29/03/2021","6.166,82","6.205,57","6.230,99","6.165,55","11,46B","-0,46%"
"26/03/2021","6.195,56","6.141,61","6.195,56","6.106,08","12,43B","1,19%"
"25/03/2021","6.122,88","6.159,62","6.176,43","6.058,84","14,74B","-0,54%"
"24/03/2021","6.156,14","6.231,71","6.239,55","6.143,38","13,83B","-1,54%"
"23/03/2021","6.252,71","6.331,70","6.342,13","6.245,99","17,38B","-0,77%"
"22/03/2021","6.301,13","6.346,80","6.354,94","6.290,02","12,86B","-0,87%"
"19/03/2021","6.356,16","6.346,01","6.356,16","6.307,10","16,21B","0,13%"
"18/03/2021","6.347,83","6.309,57","6.358,43","6.307,00","14,97B","1,12%"
"17/03/2021","6.277,23","6.318,07","6.321,34","6.268,84","13,80B","-0,51%"
"16/03/2021","6.309,70","6.347,19","6.355,41","6.296,90","15,51B","-0,23%"
"15/03/2021","6.324,26","6.374,76","6.387,74","6.324,26","13,79B","-0,53%"
"12/03/2021","6.358,21","6.316,88","6.364,36","6.298,52","18,62B","1,49%"
"10/03/2021","6.264,68","6.233,62","6.276,16","6.225,45","12,20B","1,05%"
"09/03/2021","6.199,65","6.258,67","6.267,42","6.167,72","18,81B","-0,78%"
"08/03/2021","6.248,47","6.304,00","6.325,52","6.239,05","15,57B","-0,16%"
"05/03/2021","6.258,75","6.263,04","6.307,68","6.245,31","15,36B","-0,51%"
"04/03/2021","6.290,80","6.355,38","6.369,41","6.270,11","23,82B","-1,35%"
"03/03/2021","6.376,76","6.378,80","6.394,45","6.334,24","24,24B","0,28%"
"02/03/2021","6.359,20","6.367,44","6.388,12","6.329,50","18,07B","0,33%"
"01/03/2021","6.338,51","6.281,86","6.339,01","6.261,56","17,31B","1,55%"
"26/02/2021","6.241,80","6.246,32","6.302,39","6.184,52","21,95B","-0,76%"
"25/02/2021","6.289,65","6.280,73","6.309,76","6.274,50","23,75B","0,62%"
"24/02/2021","6.251,05","6.283,80","6.294,14","6.223,65","15,22B","-0,35%"
"23/02/2021","6.272,81","6.267,45","6.279,14","6.241,95","12,63B","0,28%"
"22/02/2021","6.255,31","6.267,02","6.312,87","6.255,31","14,50B","0,38%"
"19/02/2021","6.231,93","6.196,90","6.231,93","6.173,59","13,36B","0,51%"
"18/02/2021","6.200,31","6.230,36","6.281,36","6.200,31","16,75B","-0,44%"
"17/02/2021","6.227,73","6.292,97","6.314,56","6.209,31","16,99B","-1,03%"
"16/02/2021","6.292,40","6.291,01","6.308,81","6.274,35","14,42B","0,35%"
"15/02/2021","6.270,32","6.244,39","6.283,41","6.244,39","12,40B","0,77%"
"11/02/2021","6.222,52","6.221,63","6.232,85","6.194,01","10,40B","0,33%"
"10/02/2021","6.201,83","6.198,03","6.216,94","6.168,01","12,26B","0,33%"
"09/02/2021","6.181,67","6.232,10","6.286,29","6.157,14","17,53B","-0,44%"
"08/02/2021","6.208,87","6.193,55","6.224,41","6.180,73","16,16B","0,93%"
"05/02/2021","6.151,73","6.136,39","6.151,73","6.090,98","13,47B","0,73%"
"04/02/2021","6.107,22","6.111,76","6.179,37","6.069,55","14,82B","0,49%"
"03/02/2021","6.077,74","6.096,58","6.137,68","6.047,41","15,39B","0,56%"
"02/02/2021","6.043,84","6.119,01","6.157,25","6.018,09","22,73B","-0,39%"
"01/02/2021","6.067,55","5.856,78","6.070,73","5.735,47","20,89B","3,50%"
"29/01/2021","5.862,35","6.010,34","6.068,13","5.825,29","14,77B","-1,96%"
"28/01/2021","5.979,39","6.065,79","6.123,46","5.957,55","15,73B","-2,12%"
"27/01/2021","6.109,17","6.153,08","6.154,60","5.998,90","18,14B","-0,50%"
"26/01/2021","6.140,17","6.252,71","6.269,66","6.123,01","17,22B","-1,89%"
"25/01/2021","6.258,57","6.322,52","6.322,73","6.148,31","15,48B","-0,77%"
"22/01/2021","6.307,13","6.419,57","6.428,50","6.283,31","15,79B","-1,66%"
"21/01/2021","6.413,89","6.476,09","6.504,99","6.399,67","17,11B","-0,25%"
"20/01/2021","6.429,76","6.334,51","6.440,80","6.299,39","19,09B","1,71%"
"19/01/2021","6.321,86","6.421,86","6.434,84","6.288,98","22,37B","-1,06%"
"18/01/2021","6.389,83","6.365,03","6.428,31","6.316,88","33,76B","0,26%"
"15/01/2021","6.373,41","6.447,98","6.472,31","6.341,25","26,23B","-0,85%"
"14/01/2021","6.428,31","6.445,90","6.465,53","6.407,57","34,48B","-0,11%"
"13/01/2021","6.435,20","6.439,93","6.464,35","6.393,90","34,30B","0,62%"
"12/01/2021","6.395,67","6.393,90","6.435,96","6.353,31","27,96B","0,20%"
"11/01/2021","6.382,94","6.278,41","6.382,94","6.278,37","29,79B","2,00%"
"08/01/2021","6.257,84","6.190,95","6.275,74","6.190,10","22,18B","1,69%"
"07/01/2021","6.153,63","6.091,72","6.158,04","6.090,36","22,75B","1,45%"
"06/01/2021","6.065,68","6.139,14","6.166,63","5.987,78","19,92B","-1,17%"
"05/01/2021","6.137,34","6.105,79","6.145,61","6.073,42","17,47B","0,53%"
"04/01/2021","6.104,90","5.997,83","6.104,90","5.929,05","18,39B","2,10%"
"30/12/2020","5.979,07","6.052,12","6.055,97","5.962,01","17,00B","-0,95%"
"29/12/2020","6.036,17","6.112,72","6.143,87","6.026,70","17,51B","-0,94%"
"28/12/2020","6.093,55","6.067,00","6.095,01","5.979,90","18,09B","1,41%"
"23/12/2020","6.008,71","6.061,85","6.104,35","5.853,26","20,35B","-0,24%"
"22/12/2020","6.023,29","6.146,65","6.174,46","6.010,21","25,01B","-2,31%"
"21/12/2020","6.165,62","6.131,62","6.195,15","6.119,92","23,86B","1,00%"
"18/12/2020","6.104,32","6.106,25","6.142,86","6.091,40","25,80B","-0,15%"
"17/12/2020","6.113,38","6.133,10","6.160,98","6.075,83","32,17B","-0,08%"
"16/12/2020","6.118,40","6.046,87","6.123,95","6.046,87","29,10B","1,80%"
"15/12/2020","6.010,13","6.013,51","6.023,22","5.965,81","19,44B","-0,04%"
"14/12/2020","6.012,52","5.959,27","6.013,95","5.959,27","22,69B","1,25%"
"11/12/2020","5.938,33","5.946,36","5.976,57","5.924,37","21,77B","0,08%"
"10/12/2020","5.933,70","5.977,00","6.004,42","5.911,91","26,46B","-0,18%"
"08/12/2020","5.944,41","5.947,66","5.961,78","5.911,10","29,42B","0,23%"
"07/12/2020","5.930,76","5.854,30","5.941,35","5.854,30","22,68B","2,07%"
"04/12/2020","5.810,48","5.820,82","5.823,32","5.775,57","17,39B","-0,21%"
"03/12/2020","5.822,94","5.833,32","5.853,16","5.797,01","23,84B","0,15%"
"02/12/2020","5.813,99","5.755,18","5.813,99","5.734,26","21,91B","1,56%"
"01/12/2020","5.724,74","5.637,89","5.736,32","5.594,28","20,95B","2,00%"
"30/11/2020","5.612,41","5.779,67","5.798,29","5.563,86","31,99B","-2,96%"
"27/11/2020","5.783,34","5.773,56","5.795,84","5.745,89","25,14B","0,41%"
"26/11/2020","5.759,92","5.669,66","5.759,92","5.669,66","24,83B","1,42%"
"25/11/2020","5.679,25","5.735,14","5.770,66","5.666,76","32,54B","-0,38%"
"24/11/2020","5.701,03","5.677,30","5.710,38","5.667,37","24,05B","0,85%"
"23/11/2020","5.652,76","5.583,33","5.652,76","5.583,33","18,99B","1,46%"
"20/11/2020","5.571,66","5.602,78","5.628,44","5.563,65","21,58B","-0,40%"
"19/11/2020","5.594,06","5.541,42","5.598,52","5.541,31","16,67B","0,66%"
"18/11/2020","5.557,52","5.530,88","5.574,73","5.530,88","14,08B","0,50%"
"17/11/2020","5.529,94","5.516,58","5.562,54","5.515,52","14,68B","0,64%"
"16/11/2020","5.494,87","5.500,03","5.519,68","5.462,46","11,99B","0,62%"
"13/11/2020","5.461,06","5.449,10","5.466,56","5.427,63","11,34B","0,05%"
"12/11/2020","5.458,60","5.494,48","5.500,42","5.449,80","11,98B","-0,92%"
"11/11/2020","5.509,51","5.475,56","5.520,91","5.471,59","16,52B","0,86%"
"10/11/2020","5.462,74","5.424,73","5.469,18","5.412,59","14,96B","1,99%"
"09/11/2020","5.356,01","5.371,97","5.395,71","5.319,42","12,15B","0,38%"
"06/11/2020","5.335,53","5.276,16","5.335,53","5.246,70","10,47B","1,43%"
"05/11/2020","5.260,33","5.161,39","5.260,33","5.161,39","10,88B","3,04%"
"04/11/2020","5.105,20","5.170,82","5.188,01","5.105,20","10,40B","-1,05%"
"03/11/2020","5.159,45","5.133,98","5.162,35","5.131,95","10,14B","0,87%"
"02/11/2020","5.115,13","5.108,03","5.130,69","5.073,50","9,76B","-0,26%"
"27/10/2020","5.128,23","5.133,54","5.155,57","5.110,62","10,71B","-0,31%"
"26/10/2020","5.144,05","5.113,15","5.158,27","5.113,02","10,33B","0,62%"
"23/10/2020","5.112,19","5.112,79","5.121,02","5.095,51","9,55B","0,40%"
"22/10/2020","5.091,82","5.084,79","5.093,82","5.063,70","12,29B","-0,09%"
"21/10/2020","5.096,45","5.116,79","5.131,51","5.083,66","10,48B","-0,07%"
"20/10/2020","5.099,84","5.120,91","5.135,08","5.080,96","8,86B","-0,52%"
"19/10/2020","5.126,33","5.116,76","5.128,65","5.090,78","11,11B","0,45%"
"16/10/2020","5.103,41","5.111,43","5.115,56","5.067,59","9,25B","-0,03%"
"15/10/2020","5.105,15","5.172,59","5.182,53","5.105,15","11,05B","-1,37%"
"14/10/2020","5.176,10","5.134,66","5.177,93","5.125,05","11,99B","0,85%"
"13/10/2020","5.132,57","5.093,42","5.132,96","5.064,17","11,06B","0,77%"
"12/10/2020","5.093,10","5.078,13","5.103,50","5.078,13","9,16B","0,78%"
"09/10/2020","5.053,66","5.036,48","5.057,84","5.029,15","6,90B","0,29%"
"08/10/2020","5.039,14","5.018,74","5.039,14","5.001,52","8,03B","0,70%"
"07/10/2020","5.004,33","4.976,57","5.014,61","4.962,09","9,29B","0,10%"
"06/10/2020","4.999,22","5.004,40","5.023,89","4.992,48","10,85B","0,82%"
"05/10/2020","4.958,77","4.947,04","4.962,79","4.915,69","7,09B","0,65%"
"02/10/2020","4.926,73","4.969,24","4.972,82","4.881,91","8,88B","-0,87%"
"01/10/2020","4.970,09","4.899,64","4.970,09","4.899,00","9,64B","2,05%"
"30/09/2020","4.870,04","4.896,43","4.903,86","4.841,36","8,54B","-0,19%"
"29/09/2020","4.879,10","4.929,33","4.950,97","4.859,79","8,65B","-0,56%"
"28/09/2020","4.906,55","4.962,95","4.991,76","4.905,51","8,38B","-0,79%"
"25/09/2020","4.945,79","4.867,96","4.949,30","4.848,02","8,88B","2,13%"
"24/09/2020","4.842,76","4.876,35","4.897,34","4.820,33","6,57B","-1,53%"
"23/09/2020","4.917,95","4.946,50","4.984,24","4.873,02","7,06B","-0,33%"
"22/09/2020","4.934,09","4.947,73","4.978,44","4.919,11","7,48B","-1,31%"
"21/09/2020","4.999,36","5.058,99","5.075,82","4.987,75","10,65B","-1,18%"
"18/09/2020","5.059,22","5.037,37","5.072,68","5.023,44","10,58B","0,41%"
"17/09/2020","5.038,40","5.058,95","5.099,58","5.013,19","8,53B","-0,40%"
"16/09/2020","5.058,48","5.108,13","5.117,29","5.051,75","8,88B","-0,83%"
"15/09/2020","5.100,86","5.169,24","5.187,28","5.091,29","11,36B","-1,18%"
"14/09/2020","5.161,83","5.060,02","5.161,83","5.059,27","10,99B","2,89%"
"11/09/2020","5.016,71","4.804,64","5.016,71","4.754,80","12,58B","2,56%"
"10/09/2020","4.891,46","5.084,33","5.084,48","4.878,28","8,24B","-5,01%"
"09/09/2020","5.149,38","5.214,03","5.216,02","5.135,81","10,12B","-1,81%"
"08/09/2020","5.244,07","5.232,92","5.256,31","5.232,92","10,34B","0,27%"
"07/09/2020","5.230,20","5.235,01","5.245,35","5.195,86","8,01B","-0,18%"
"04/09/2020","5.239,85","5.280,81","5.280,76","5.188,61","9,51B","-0,78%"
"03/09/2020","5.280,81","5.311,97","5.331,17","5.242,17","13,69B","-0,59%"
"02/09/2020","5.311,97","5.310,68","5.337,10","5.295,28","12,16B","0,02%"
"01/09/2020","5.310,68","5.238,49","5.310,68","5.219,21","9,05B","1,38%"
"31/08/2020","5.238,49","5.346,66","5.369,45","5.233,14","12,41B","-2,02%"
"28/08/2020","5.346,66","5.371,47","5.381,95","5.325,60","10,80B","-0,46%"
"27/08/2020","5.371,47","5.340,33","5.371,47","5.325,49","13,45B","0,58%"
"26/08/2020","5.340,33","5.338,89","5.351,47","5.324,61","13,77B","0,03%"
"25/08/2020","5.338,89","5.277,04","5.341,38","5.276,96","14,65B","1,17%"
"24/08/2020","5.277,04","5.272,81","5.294,15","5.261,41","13,84B","0,08%"
"19/08/2020","5.272,81","5.295,17","5.327,32","5.268,51","9,27B","-0,42%"
"18/08/2020","5.295,17","5.247,69","5.316,13","5.243,99","9,56B","0,90%"
"14/08/2020","5.247,69","5.239,25","5.255,37","5.221,92","7,04B","0,16%"
"13/08/2020","5.239,25","5.233,45","5.279,35","5.218,41","8,46B","0,11%"
"12/08/2020","5.233,45","5.190,17","5.235,52","5.178,46","9,68B","0,83%"
"11/08/2020","5.190,17","5.157,83","5.201,45","5.157,93","8,84B","0,63%"
"10/08/2020","5.157,83","5.143,89","5.158,68","5.134,86","6,52B","0,27%"
"07/08/2020","5.143,89","5.178,27","5.187,37","5.119,68","9,13B","-0,66%"
"06/08/2020","5.178,27","5.127,05","5.187,96","5.127,10","9,05B","1,00%"
"05/08/2020","5.127,05","5.075,00","5.127,05","5.059,09","8,46B","1,03%"
"04/08/2020","5.075,00","5.006,22","5.075,00","5.006,50","7,38B","1,37%"
"03/08/2020","5.006,22","5.149,63","5.157,27","4.928,47","8,38B","-2,78%"
"30/07/2020","5.149,63","5.111,11","5.149,63","5.091,40","8,07B","0,75%"
"29/07/2020","5.111,11","5.112,99","5.117,35","5.085,34","8,89B","-0,04%"
"28/07/2020","5.112,99","5.116,67","5.143,29","5.097,42","9,19B","-0,07%"
"27/07/2020","5.116,67","5.082,99","5.116,67","5.080,12","10,35B","0,66%"
"24/07/2020","5.082,99","5.145,01","5.149,59","5.074,49","9,70B","-1,21%"
"23/07/2020","5.145,01","5.110,19","5.162,98","5.110,22","9,88B","0,68%"
"22/07/2020","5.110,19","5.114,71","5.142,04","5.099,57","7,95B","-0,09%"
"21/07/2020","5.114,71","5.051,11","5.135,56","5.047,09","8,32B","1,26%"
"20/07/2020","5.051,11","5.079,59","5.100,19","5.031,89","6,86B","-0,56%"
"17/07/2020","5.079,59","5.098,37","5.110,43","5.073,56","6,17B","-0,37%"
"16/07/2020","5.098,37","5.075,80","5.107,26","5.075,80","6,87B","0,44%"
"15/07/2020","5.075,80","5.079,12","5.116,46","5.069,38","8,26B","-0,07%"
"14/07/2020","5.079,12","5.064,45","5.079,12","5.053,72","7,15B","0,29%"
"13/07/2020","5.064,45","5.031,26","5.075,10","5.024,93","6,53B","0,66%"
"10/07/2020","5.031,26","5.052,79","5.076,52","5.022,17","6,77B","-0,43%"
"09/07/2020","5.052,79","5.076,17","5.111,56","5.041,93","7,98B","-0,46%"
"08/07/2020","5.076,17","4.987,08","5.080,25","4.985,02","7,35B","1,79%"
"07/07/2020","4.987,08","4.988,87","5.011,71","4.982,33","7,28B","-0,04%"
"06/07/2020","4.988,87","4.973,79","5.009,35","4.973,49","6,43B","0,30%"
"03/07/2020","4.973,79","4.966,78","4.997,48","4.964,11","5,57B","0,14%"
"02/07/2020","4.966,78","4.914,39","4.966,78","4.914,39","5,54B","1,07%"
"01/07/2020","4.914,39","4.905,39","4.928,61","4.885,60","4,32B","0,18%"
"30/06/2020","4.905,39","4.901,82","4.939,84","4.894,12","5,13B","0,07%"
"29/06/2020","4.901,82","4.904,09","4.909,91","4.862,04","4,42B","-0,05%"
"26/06/2020","4.904,09","4.896,73","4.941,14","4.882,14","4,43B","0,15%"
"25/06/2020","4.896,73","4.964,73","4.964,73","4.883,71","5,07B","-1,37%"
"24/06/2020","4.964,73","4.879,13","4.977,65","4.879,13","6,25B","1,75%"
"23/06/2020","4.879,13","4.918,83","4.938,39","4.879,13","5,49B","-0,81%"
"22/06/2020","4.918,83","4.942,27","4.957,67","4.904,77","4,79B","-0,47%"
"19/06/2020","4.942,27","4.925,25","4.970,07","4.925,25","5,76B","0,35%"
"18/06/2020","4.925,25","4.987,78","4.993,61","4.925,25","7,09B","-1,25%"
"17/06/2020","4.987,78","4.986,46","5.018,98","4.968,93","6,84B","0,03%"
"16/06/2020","4.986,46","4.816,34","4.989,53","4.816,34","7,58B","3,53%"
"15/06/2020","4.816,34","4.880,36","4.918,06","4.809,62","6,41B","-1,31%"
"12/06/2020","4.880,36","4.854,75","4.880,36","4.712,07","8,09B","0,53%"
"11/06/2020","4.854,75","4.920,68","4.931,24","4.812,19","7,17B","-1,34%"
"10/06/2020","4.920,68","5.035,06","5.036,86","4.892,82","8,42B","-2,27%"
"09/06/2020","5.035,06","5.070,56","5.139,41","5.023,77","11,51B","-0,70%"
"08/06/2020","5.070,56","4.947,78","5.103,09","4.947,78","13,82B","2,48%"
"05/06/2020","4.947,78","4.916,70","4.948,51","4.851,15","8,69B","0,63%"
"04/06/2020","4.916,70","4.941,01","5.014,76","4.899,39","11,09B","-0,49%"
"03/06/2020","4.941,01","4.847,51","4.960,07","4.847,51","10,16B","1,93%"
"02/06/2020","4.847,51","4.753,61","4.884,01","4.753,61","7,31B","1,98%"
"29/05/2020","4.753,61","4.716,19","4.755,96","4.704,79","10,48B","0,79%"
"28/05/2020","4.716,19","4.641,56","4.741,60","4.638,81","6,85B","1,61%"
"27/05/2020","4.641,56","4.626,80","4.641,56","4.597,37","6,10B","0,32%"
"26/05/2020","4.626,80","4.545,95","4.634,65","4.541,83","5,38B","1,78%"
"20/05/2020","4.545,95","4.548,66","4.561,55","4.521,47","4,25B","-0,06%"
"19/05/2020","4.548,66","4.511,06","4.609,04","4.511,06","5,17B","0,83%"
"18/05/2020","4.511,06","4.507,61","4.527,97","4.487,18","4,52B","0,08%"
"15/05/2020","4.507,61","4.513,83","4.540,42","4.460,27","4,63B","-0,14%"
"14/05/2020","4.513,83","4.554,36","4.564,15","4.494,15","4,73B","-0,89%"
"13/05/2020","4.554,36","4.588,73","4.588,73","4.519,98","4,51B","-0,75%"
"12/05/2020","4.588,73","4.639,10","4.644,14","4.552,39","4,69B","-1,09%"
"11/05/2020","4.639,10","4.597,43","4.659,86","4.597,43","4,55B","0,91%"
"08/05/2020","4.597,43","4.608,79","4.630,59","4.586,74","4,78B","-0,25%"
"06/05/2020","4.608,79","4.630,13","4.647,52","4.597,75","4,51B","-0,46%"
"05/05/2020","4.630,13","4.605,49","4.667,79","4.605,49","4,78B","0,54%"
"04/05/2020","4.605,49","4.716,40","4.716,40","4.576,23","3,91B","-2,35%"
"30/04/2020","4.716,40","4.567,32","4.726,77","4.567,32","6,02B","3,26%"
"29/04/2020","4.567,32","4.529,55","4.568,66","4.523,95","4,15B","0,83%"
"28/04/2020","4.529,55","4.513,14","4.532,38","4.494,47","4,54B","0,36%"
"27/04/2020","4.513,14","4.496,06","4.541,31","4.474,89","3,68B","0,38%"
"24/04/2020","4.496,06","4.593,55","4.593,83","4.496,06","4,61B","-2,12%"
"23/04/2020","4.593,55","4.567,56","4.629,03","4.567,56","4,95B","0,57%"
"22/04/2020","4.567,56","4.501,92","4.580,68","4.441,09","4,84B","1,46%"
"21/04/2020","4.501,92","4.575,90","4.575,90","4.482,64","4,23B","-1,62%"
"20/04/2020","4.575,90","4.634,82","4.669,54","4.573,77","5,21B","-1,27%"
"17/04/2020","4.634,82","4.480,61","4.637,24","4.480,61","5,45B","3,44%"
"16/04/2020","4.480,61","4.625,90","4.625,90","4.463,81","5,63B","-3,14%"
"15/04/2020","4.625,90","4.706,49","4.747,73","4.605,05","6,31B","-1,71%"
"14/04/2020","4.706,49","4.623,89","4.706,49","4.623,89","5,52B","1,79%"
"13/04/2020","4.623,89","4.649,08","4.659,03","4.591,73","4,56B","-0,54%"
"09/04/2020","4.649,08","4.626,69","4.669,71","4.562,90","5,35B","0,48%"
"08/04/2020","4.626,69","4.778,64","4.780,22","4.583,90","4,56B","-3,18%"
"07/04/2020","4.778,64","4.811,83","4.975,54","4.721,72","8,62B","-0,69%"
"06/04/2020","4.811,83","4.623,43","4.811,83","4.623,43","7,05B","4,07%"
"03/04/2020","4.623,43","4.531,69","4.623,43","4.531,81","5,87B","2,02%"
"02/04/2020","4.531,69","4.466,04","4.531,69","4.393,67","4,60B","1,47%"
"01/04/2020","4.466,04","4.538,93","4.627,42","4.445,14","4,18B","-1,61%"
"31/03/2020","4.538,93","4.414,50","4.569,47","4.414,50","4,34B","2,82%"
"30/03/2020","4.414,50","4.545,57","4.545,57","4.317,71","2,76B","-2,88%"
"27/03/2020","4.545,57","4.338,90","4.697,67","4.338,90","7,79B","4,76%"
"26/03/2020","4.338,90","3.937,63","4.370,66","3.935,91","8,11B","10,19%"
"24/03/2020","3.937,63","3.989,52","4.123,56","3.911,72","4,57B","-1,30%"
"23/03/2020","3.989,52","4.194,94","4.194,94","3.975,19","3,25B","-4,90%"
"20/03/2020","4.194,94","4.105,42","4.238,26","3.918,34","6,30B","2,18%"
"19/03/2020","4.105,42","4.330,67","4.330,67","4.093,71","2,64B","-5,20%"
"18/03/2020","4.330,67","4.456,75","4.473,82","4.284,68","3,86B","-2,83%"
"17/03/2020","4.456,75","4.690,66","4.698,04","4.447,96","3,07B","-4,99%"
"16/03/2020","4.690,66","4.907,57","4.904,54","4.677,75","3,05B","-4,42%"
"13/03/2020","4.907,57","4.895,75","4.937,99","4.639,91","4,63B","0,24%"
"12/03/2020","4.895,75","5.040,97","5.040,99","4.895,75","3,70B","-5,01%"
"11/03/2020","5.154,10","5.231,61","5.264,48","5.112,32","4,67B","-1,28%"
"10/03/2020","5.220,83","5.149,49","5.278,42","5.149,45","4,45B","1,64%"
"09/03/2020","5.136,81","5.364,60","5.364,60","5.133,15","4,27B","-6,58%"
"06/03/2020","5.498,54","5.575,57","5.577,80","5.498,54","3,24B","-2,48%"
"05/03/2020","5.638,13","5.688,78","5.715,94","5.613,72","4,07B","-0,21%"
"04/03/2020","5.650,14","5.524,09","5.651,85","5.516,81","4,53B","2,38%"
"03/03/2020","5.518,63","5.431,30","5.545,77","5.431,30","4,30B","2,94%"
"02/03/2020","5.361,25","5.455,05","5.491,14","5.354,62","4,02B","-1,68%"
"28/02/2020","5.452,70","5.436,17","5.456,28","5.288,37","4,96B","-1,50%"
"27/02/2020","5.535,69","5.680,44","5.684,29","5.526,82","4,13B","-2,69%"
"26/02/2020","5.688,92","5.757,17","5.757,74","5.688,92","3,95B","-1,70%"
"25/02/2020","5.787,14","5.784,74","5.814,68","5.752,34","3,95B","-0,34%"
"24/02/2020","5.807,05","5.846,15","5.863,12","5.787,92","4,00B","-1,28%"
"21/02/2020","5.882,26","5.940,78","5.944,20","5.873,73","3,67B","-1,01%"
"20/02/2020","5.942,49","5.941,45","5.960,71","5.929,15","3,74B","0,23%"
"19/02/2020","5.928,79","5.898,90","5.928,79","5.898,70","3,45B","0,71%"
"18/02/2020","5.886,96","5.856,88","5.907,14","5.855,93","3,46B","0,33%"
"17/02/2020","5.867,52","5.863,91","5.878,46","5.853,60","2,87B","0,01%"
"14/02/2020","5.866,94","5.857,72","5.890,03","5.843,43","2,77B","-0,09%"
"13/02/2020","5.871,95","5.921,91","5.929,50","5.860,26","3,32B","-0,70%"
"12/02/2020","5.913,08","5.957,06","5.962,35","5.895,72","2,93B","-0,69%"
"11/02/2020","5.954,40","5.963,55","5.979,57","5.945,05","3,37B","0,04%"
"10/02/2020","5.952,08","5.993,38","5.996,47","5.937,38","3,43B","-0,79%"
"07/02/2020","5.999,61","5.988,06","6.004,81","5.981,64","3,53B","0,21%"
"06/02/2020","5.987,15","6.002,92","6.013,70","5.969,48","3,99B","0,14%"
"05/02/2020","5.978,51","5.955,52","5.978,51","5.924,37","3,98B","0,95%"
"04/02/2020","5.922,34","5.947,51","5.952,95","5.911,38","3,62B","0,65%"
"03/02/2020","5.884,17","5.920,97","5.942,78","5.877,20","3,50B","-0,94%"
"31/01/2020","5.940,05","6.076,46","6.078,93","5.937,02","4,15B","-1,94%"
"30/01/2020","6.057,60","6.130,10","6.130,80","6.048,88","3,49B","-0,91%"
"29/01/2020","6.113,05","6.123,10","6.152,59","6.102,80","3,46B","0,03%"
"28/01/2020","6.111,18","6.110,22","6.112,83","6.065,12","4,21B","-0,36%"
"27/01/2020","6.133,21","6.240,82","6.242,18","6.130,93","4,37B","-1,78%"
"24/01/2020","6.244,11","6.242,84","6.258,85","6.234,82","3,88B","-0,08%"
"23/01/2020","6.249,21","6.244,00","6.255,04","6.229,13","4,13B","0,25%"
"22/01/2020","6.233,45","6.241,57","6.265,51","6.223,19","5,11B","-0,08%"
"21/01/2020","6.238,15","6.252,00","6.257,89","6.226,06","4,19B","-0,11%"
"20/01/2020","6.245,04","6.310,50","6.312,99","6.240,19","3,88B","-0,74%"
"17/01/2020","6.291,66","6.293,78","6.301,48","6.266,93","3,76B","0,09%"
"16/01/2020","6.286,05","6.275,96","6.299,54","6.255,49","4,21B","0,04%"
"15/01/2020","6.283,36","6.326,17","6.348,53","6.255,50","5,11B","-0,66%"
"14/01/2020","6.325,41","6.308,89","6.325,41","6.298,61","4,45B","0,46%"
"13/01/2020","6.296,57","6.287,91","6.297,78","6.269,48","4,40B","0,34%"
"10/01/2020","6.274,94","6.287,17","6.295,37","6.271,98","5,22B","0,01%"
"09/01/2020","6.274,49","6.248,66","6.274,49","6.238,98","4,19B","0,78%"
"08/01/2020","6.225,69","6.248,44","6.250,12","6.218,13","4,46B","-0,85%"
"07/01/2020","6.279,35","6.272,22","6.284,89","6.246,13","3,94B","0,35%"
"06/01/2020","6.257,40","6.293,50","6.300,44","6.252,64","4,14B","-1,04%"
"03/01/2020","6.323,47","6.306,19","6.323,47","6.287,71","4,46B","0,63%"
"02/01/2020","6.283,58","6.313,13","6.317,01","6.263,68","3,30B","-0,25%"
"30/12/2019","6.299,54","6.329,14","6.336,92","6.289,55","4,76B","-0,47%"