tanggal,close_index,open_index,high_index,low_index,volume_billion,change_percent
2025-03-13,6647.42,6700.11,6707.39,6618.54,13990000000.0,-0.26
2025-03-12,6665.04,6566.8,6665.04,6566.2,13970000000.0,1.82
2025-03-11,6545.85,6535.87,6567.58,6499.04,15000000000.0,-0.79
2025-03-10,6598.21,6618.92,6629.44,6568.13,15360000000.0,-0.57
2025-03-07,6636.0,6631.31,6682.94,6577.83,19840000000.0,0.27
2025-03-06,6617.85,6577.85,6667.89,6573.8,13890000000.0,1.32
2025-03-05,6531.4,6404.69,6570.82,6404.69,14350000000.0,2.37
2025-03-04,6380.4,6524.7,6528.97,6361.4,14910000000.0,-2.14
2025-03-03,6519.66,6362.15,6570.95,6347.1,17079999999.999998,3.97
2025-02-28,6270.6,6446.64,6447.88,6246.28,19690000000.0,-3.31
2025-02-27,6485.45,6609.89,6626.26,6443.22,15650000000.0,-1.83
2025-02-26,6606.18,6627.02,6682.87,6547.24,13520000000.0,0.29
2025-02-25,6587.09,6749.44,6772.65,6576.97,19420000000.0,-2.41
2025-02-24,6749.6,6801.68,6818.79,6732.41,15620000000.0,-0.78
2025-02-21,6803.0,6788.9,6814.87,6758.35,13110000000.0,0.22
2025-02-20,6788.04,6796.67,6836.72,6755.43,16890000000.0,-0.1
2025-02-19,6794.87,6877.16,6886.92,6773.91,15990000000.0,-1.14
2025-02-18,6873.55,6847.77,6908.7,6830.78,15860000000.0,0.62
2025-02-17,6830.88,6663.31,6830.88,6658.22,13660000000.0,2.9
2025-02-14,6638.46,6640.13,6679.4,6609.67,12130000000.0,0.38
2025-02-13,6613.57,6637.42,6647.1,6565.78,12610000000.0,-0.48
2025-02-12,6645.78,6540.95,6645.78,6537.48,14130000000.0,1.74
2025-02-11,6531.99,6629.81,6658.23,6500.46,14600000000.0,-1.75
2025-02-10,6648.14,6681.23,6713.95,6585.98,15350000000.0,-1.4
2025-02-07,6742.58,6758.1,6769.78,6656.72,15210000000.0,-1.93
2025-02-06,6875.54,7030.19,7033.62,6830.11,17090000000.0,-2.12
2025-02-05,7024.23,7071.58,7079.46,7002.52,24710000000.0,-0.7
2025-02-04,7073.46,7051.48,7125.94,7037.63,25070000000.0,0.62
2025-02-03,7030.06,7087.75,7089.7,6933.14,13540000000.0,-1.11
2025-01-31,7109.2,7113.58,7174.75,7095.68,12560000000.0,0.5
2025-01-30,7073.48,7142.79,7150.29,7042.69,15690000000.0,-1.29
2025-01-24,7166.06,7255.02,7261.45,7166.06,12220000000.0,-0.92
2025-01-23,7232.64,7275.0,7324.63,7232.64,14200000000.0,-0.34
2025-01-22,7257.13,7227.02,7267.49,7223.26,14650000000.0,1.05
2025-01-21,7181.82,7207.59,7221.73,7176.33,17620000000.0,0.15
2025-01-20,7170.74,7188.4,7201.61,7165.44,18310000000.0,0.22
2025-01-17,7154.66,7115.05,7178.81,7084.3,19780000000.0,0.66
2025-01-16,7107.52,7165.18,7190.61,7071.91,14480000000.0,0.39
2025-01-15,7079.56,6992.85,7084.56,6977.77,17350000000.0,1.77
2025-01-14,6956.67,7014.8,7042.33,6956.67,15100000000.0,-0.86
2025-01-13,7016.88,7076.7,7089.57,6986.59,14990000000.0,-1.02
2025-01-10,7088.87,7076.9,7121.63,7074.14,16620000000.000002,0.34
2025-01-09,7064.59,7093.25,7106.46,7062.1,14850000000.0,-0.22
2025-01-08,7080.35,7099.66,7129.29,7046.17,14710000000.0,-0.04
2025-01-07,7083.28,7074.26,7103.19,7029.51,14470000000.0,0.04
2025-01-06,7080.47,7176.12,7182.02,7073.95,19220000000.0,-1.17
2025-01-03,7164.43,7177.25,7197.01,7135.28,18290000000.0,0.02
2025-01-02,7163.21,7092.43,7163.21,7088.32,16180000000.0,1.18
2024-12-30,7079.9,7026.78,7079.9,6993.07,15970000000.0,0.62
2024-12-27,7036.57,7073.38,7100.27,7024.71,14430000000.0,-0.41
2024-12-24,7065.75,7115.64,7120.58,7063.75,11060000000.0,-0.43
2024-12-23,7096.44,7037.53,7096.44,7035.73,13870000000.0,1.61
2024-12-20,6983.87,6980.17,7032.4,6931.58,14570000000.0,0.09
2024-12-19,6977.24,7034.62,7040.55,6951.05,17090000000.0,-1.84
2024-12-18,7107.88,7168.97,7216.88,7105.07,12240000000.0,-0.7
2024-12-17,7157.73,7238.17,7263.31,7132.06,15740000000.0,-1.39
2024-12-16,7258.63,7304.22,7320.79,7204.65,18650000000.0,-0.9
2024-12-13,7324.79,7379.75,7399.9,7324.79,12010000000.0,-0.94
2024-12-12,7394.24,7441.97,7470.89,7380.03,14770000000.0,-0.94
2024-12-11,7464.75,7444.86,7530.56,7444.17,23550000000.0,0.15
2024-12-10,7453.29,7448.77,7457.81,7396.79,20330000000.0,0.21
2024-12-09,7437.73,7382.61,7440.98,7380.66,23010000000.0,0.74
2024-12-06,7382.79,7302.67,7382.81,7287.6,13020000000.0,0.95
2024-12-05,7313.31,7326.02,7338.6,7283.5,13140000000.0,-0.18
2024-12-04,7326.76,7198.1,7328.32,7187.48,16640000000.0,1.82
2024-12-03,7196.02,7104.93,7196.02,7102.22,17630000000.0,2.11
2024-12-02,7046.99,7117.75,7153.03,7041.34,16390000000.0,-0.95
2024-11-29,7114.27,7168.0,7189.13,7107.28,21840000000.0,-1.19
2024-11-28,7200.16,7215.91,7249.69,7195.67,17900000000.0,-0.63
2024-11-26,7245.89,7329.53,7341.6,7245.89,16410000000.0,-0.93
2024-11-25,7314.11,7218.95,7329.49,7218.83,26480000000.0,1.65
2024-11-22,7195.56,7154.68,7215.69,7154.45,20580000000.0,0.77
2024-11-21,7140.91,7168.33,7209.36,7140.91,15570000000.0,-0.55
2024-11-20,7180.33,7214.0,7229.71,7171.27,16410000000.0,-0.21
2024-11-19,7195.71,7140.19,7229.83,7136.69,20510000000.0,0.86
2024-11-18,7134.28,7152.08,7174.75,7118.87,19170000000.0,-0.38
2024-11-15,7161.26,7192.21,7241.66,7122.68,21310000000.0,-0.74
2024-11-14,7214.56,7303.9,7318.78,7214.56,20940000000.0,-1.29
2024-11-13,7308.67,7344.01,7370.39,7304.87,22630000000.0,-0.18
2024-11-12,7321.99,7271.17,7344.07,7268.61,28770000000.0,0.76
2024-11-11,7266.46,7259.29,7282.2,7182.31,22100000000.0,-0.28
2024-11-08,7287.19,7263.96,7350.36,7263.96,14890000000.0,0.6
2024-11-07,7243.86,7373.57,7381.76,7243.86,20410000000.0,-1.9
2024-11-06,7383.87,7495.13,7506.6,7363.03,23580000000.0,-1.44
2024-11-05,7491.93,7474.45,7497.0,7451.55,18270000000.0,0.17
2024-11-04,7479.5,7505.11,7529.7,7415.81,21230000000.0,-0.34
2024-11-01,7505.26,7573.79,7583.69,7485.46,15530000000.0,-0.91
2024-10-31,7574.02,7569.72,7617.36,7558.68,20330000000.0,0.06
2024-10-30,7569.85,7558.8,7581.91,7521.73,16820000000.0,-0.48
2024-10-29,7606.6,7625.47,7666.43,7587.21,18280000000.0,-0.37
2024-10-28,7634.63,7705.87,7714.74,7599.62,19720000000.0,-0.78
2024-10-25,7694.66,7717.43,7752.25,7678.18,20580000000.0,-0.28
2024-10-24,7716.55,7778.66,7794.86,7716.55,24290000000.0,-0.91
2024-10-23,7787.56,7774.01,7805.92,7761.25,26970000000.0,-0.02
2024-10-22,7788.98,7752.38,7801.4,7731.96,28680000000.0,0.21
2024-10-21,7772.6,7780.25,7795.09,7739.89,24690000000.0,0.16
2024-10-18,7760.06,7762.15,7790.71,7718.68,23430000000.0,0.32
2024-10-17,7735.04,7661.07,7758.67,7657.72,22460000000.0,1.13
2024-10-16,7648.94,7645.21,7658.4,7616.6,19740000000.0,0.29
2024-10-15,7626.95,7579.05,7635.04,7573.45,21870000000.0,0.89
2024-10-14,7559.65,7518.81,7570.27,7518.81,20590000000.0,0.52
2024-10-11,7520.6,7520.53,7549.54,7506.28,15950000000.0,0.54
2024-10-10,7480.08,7501.87,7528.95,7467.82,15800000000.0,-0.28
2024-10-09,7501.29,7556.56,7595.58,7501.22,16920000000.000002,-0.74
2024-10-08,7557.14,7486.72,7592.88,7449.48,19480000000.0,0.71
2024-10-07,7504.13,7493.66,7540.24,7450.2,23580000000.0,0.11
2024-10-04,7496.09,7531.79,7549.23,7467.8,22390000000.0,-0.63
2024-10-03,7543.83,7567.45,7581.33,7504.41,18940000000.0,-0.26
2024-10-02,7563.26,7601.74,7619.1,7501.46,31530000000.0,-1.03
2024-10-01,7642.13,7551.46,7642.13,7547.11,20700000000.0,1.52
2024-09-30,7527.93,7674.29,7679.24,7527.93,22220000000.0,-2.2
2024-09-27,7696.92,7713.8,7736.92,7663.48,19050000000.0,-0.61
2024-09-26,7744.52,7723.1,7763.08,7673.05,20280000000.0,0.05
2024-09-25,7740.9,7747.85,7760.88,7633.45,27670000000.0,-0.48
2024-09-24,7778.49,7774.56,7810.54,7717.84,18280000000.0,0.04
2024-09-23,7775.73,7743.2,7775.73,7675.29,26020000000.0,0.42
2024-09-20,7743.0,7904.4,7904.51,7738.32,31770000000.0,-2.05
2024-09-19,7905.39,7858.11,7910.56,7853.35,25950000000.0,0.97
2024-09-18,7829.13,7845.81,7879.04,7818.96,24180000000.0,-0.03
2024-09-17,7831.78,7832.52,7854.02,7802.27,21610000000.0,0.25
2024-09-13,7812.13,7805.69,7828.97,7775.64,16250000000.0,0.18
2024-09-12,7798.15,7782.02,7833.27,7782.02,25270000000.0,0.48
2024-09-11,7760.96,7770.27,7802.48,7736.78,17190000000.0,-0.01
2024-09-10,7761.39,7725.28,7764.78,7723.3,19650000000.0,0.76
2024-09-09,7702.74,7729.25,7748.33,7654.73,13850000000.0,-0.25
2024-09-06,7721.85,7684.81,7754.48,7683.7,12270000000.0,0.53
2024-09-05,7681.04,7679.65,7722.23,7650.8,13770000000.0,0.11
2024-09-04,7672.9,7577.1,7672.9,7546.05,14760000000.0,0.74
2024-09-03,7616.52,7706.65,7726.66,7598.47,16570000000.0,-1.01
2024-09-02,7694.53,7686.54,7726.19,7669.92,15620000000.0,0.31
2024-08-30,7670.73,7642.78,7673.18,7616.35,19450000000.0,0.57
2024-08-29,7627.6,7679.53,7715.76,7627.6,15390000000.0,-0.41
2024-08-28,7658.88,7604.33,7672.29,7581.05,15200000000.0,0.8
2024-08-27,7597.88,7598.46,7610.2,7547.26,14120000000.0,-0.11
2024-08-26,7606.19,7549.41,7619.9,7549.41,14210000000.0,0.82
2024-08-23,7544.3,7510.66,7567.51,7507.74,12880000000.0,0.74
2024-08-22,7488.68,7531.35,7540.27,7460.4,14070000000.0,-0.87
2024-08-21,7554.59,7563.08,7594.55,7543.64,19990000000.0,0.27
2024-08-20,7533.98,7490.32,7538.16,7482.5,18360000000.0,0.9
2024-08-19,7466.83,7428.74,7466.83,7420.38,13870000000.0,0.47
2024-08-16,7432.09,7443.94,7459.75,7417.21,15130000000.0,0.3
2024-08-15,7409.5,7442.91,7460.39,7386.74,15040000000.0,-0.36
2024-08-14,7436.04,7377.01,7445.66,7372.89,16809999999.999998,1.08
2024-08-13,7356.64,7316.43,7366.65,7286.55,14610000000.0,0.81
2024-08-12,7297.63,7265.15,7297.63,7230.79,15640000000.0,0.56
2024-08-09,7257.0,7219.98,7267.42,7219.92,11270000000.0,0.86
2024-08-08,7195.12,7212.74,7234.45,7181.77,12520000000.0,-0.24
2024-08-07,7212.13,7149.51,7246.26,7147.29,12860000000.0,1.16
2024-08-06,7129.21,7098.67,7167.26,7066.5,12250000000.0,0.99
2024-08-05,7059.65,7254.61,7257.48,6998.81,19600000000.0,-3.4
2024-08-02,7308.12,7304.09,7337.98,7264.01,13070000000.0,-0.24
2024-08-01,7325.98,7274.52,7325.98,7258.87,11900000000.0,0.97
2024-07-31,7255.76,7251.8,7275.19,7226.5,14050000000.0,0.19
2024-07-30,7241.86,7283.92,7292.56,7226.78,12410000000.0,-0.65
2024-07-29,7288.9,7304.6,7333.9,7274.25,13190000000.0,0.01
2024-07-26,7288.17,7262.13,7298.96,7256.53,12870000000.0,0.66
2024-07-25,7240.28,7264.21,7268.05,7207.82,12590000000.0,-0.31
2024-07-24,7262.76,7298.51,7311.15,7249.28,14930000000.0,-0.7
2024-07-23,7313.86,7336.28,7347.02,7293.31,25170000000.0,-0.11
2024-07-22,7321.98,7316.25,7341.91,7301.42,14090000000.0,0.38
2024-07-19,7294.5,7304.28,7315.14,7249.82,12530000000.0,-0.36
2024-07-18,7321.07,7231.73,7330.81,7220.1,14620000000.0,1.34
2024-07-17,7224.22,7261.22,7265.09,7207.58,21820000000.0,0.0
2024-07-16,7224.29,7289.81,7294.79,7213.28,10790000000.0,-0.75
2024-07-15,7278.86,7336.31,7346.1,7252.81,10740000000.0,-0.66
2024-07-12,7327.58,7336.48,7354.16,7300.75,13070000000.0,0.37
2024-07-11,7300.41,7302.5,7328.27,7274.06,14640000000.0,0.18
2024-07-10,7287.04,7283.19,7313.2,7272.12,21430000000.0,0.24
2024-07-09,7269.8,7254.16,7302.94,7239.64,13610000000.0,0.26
2024-07-08,7250.98,7261.98,7265.08,7215.47,16010000000.000002,-0.03
2024-07-05,7253.37,7248.72,7275.94,7213.39,13090000000.0,0.45
2024-07-04,7220.89,7212.7,7262.84,7204.44,15860000000.0,0.34
2024-07-03,7196.75,7153.77,7196.75,7126.81,12680000000.0,1.01
2024-07-02,7125.14,7149.04,7176.87,7099.05,12190000000.0,-0.2
2024-07-01,7139.63,7076.63,7139.63,7075.38,10830000000.0,1.08
2024-06-28,7063.58,6989.37,7084.62,6987.8,10470000000.0,1.37
2024-06-27,6967.95,6929.15,6968.14,6915.83,8520000000.0,0.9
2024-06-26,6905.64,6885.82,6936.26,6885.4,11180000000.0,0.33
2024-06-25,6882.7,6874.87,6890.44,6843.65,10360000000.0,-0.09
2024-06-24,6889.17,6877.47,6914.81,6870.31,11400000000.0,0.13
2024-06-21,6879.98,6838.48,6945.83,6823.06,20220000000.0,0.89
2024-06-20,6819.32,6751.24,6825.56,6728.4,13890000000.0,1.37
2024-06-19,6726.92,6739.9,6791.53,6698.85,21570000000.0,-0.12
2024-06-14,6734.83,6829.99,6840.2,6713.27,14380000000.0,-1.42
2024-06-13,6831.56,6893.84,6896.65,6831.56,15440000000.0,-0.27
2024-06-12,6850.1,6859.35,6866.27,6821.51,16510000000.000002,-0.08
2024-06-11,6855.69,6900.31,6932.46,6855.69,15010000000.0,-0.95
2024-06-10,6921.55,6910.72,6929.1,6846.38,22840000000.0,0.34
2024-06-07,6897.95,6987.79,6994.12,6887.81,10990000000.0,-1.1
2024-06-06,6974.9,6992.56,7032.57,6939.55,13000000000.0,0.39
2024-06-05,6947.67,7114.54,7118.35,6934.94,13710000000.0,-2.14
2024-06-04,7099.31,7071.09,7149.19,7065.03,16070000000.0,0.9
2024-06-03,7036.19,7030.21,7088.4,6993.09,14180000000.0,0.94
2024-05-31,6970.74,7076.37,7102.22,6959.23,26970000000.0,-0.9
2024-05-30,7034.14,7125.77,7134.71,6984.98,17770000000.0,-1.49
2024-05-29,7140.23,7275.53,7282.0,7127.21,14460000000.0,-1.56
2024-05-28,7253.63,7228.51,7308.14,7228.41,16640000000.0,1.08
2024-05-27,7176.42,7219.98,7256.18,7171.49,19090000000.0,-0.64
2024-05-22,7222.38,7198.19,7239.86,7191.11,13570000000.0,0.51
2024-05-21,7186.04,7258.41,7295.06,7179.53,13560000000.0,-1.11
2024-05-20,7266.69,7329.4,7374.55,7243.01,15810000000.0,-0.69
2024-05-17,7317.24,7249.73,7356.71,7245.2,18150000000.0,0.97
2024-05-16,7246.7,7203.17,7270.76,7201.92,15470000000.0,0.93
2024-05-15,7179.83,7085.38,7192.15,7082.12,13990000000.0,1.36
2024-05-14,7083.76,7095.52,7136.64,7071.5,13750000000.0,-0.22
2024-05-13,7099.26,7061.37,7111.6,7052.23,13460000000.0,0.15
2024-05-08,7088.79,7129.46,7164.31,7071.35,14790000000.0,-0.49
2024-05-07,7123.61,7136.85,7159.77,7108.18,14850000000.0,-0.17
2024-05-06,7135.89,7171.59,7178.77,7102.69,16500000000.0,0.02
2024-05-03,7134.72,7142.86,7165.1,7094.62,15950000000.0,0.24
2024-05-02,7117.42,7227.61,7232.95,7072.47,14560000000.0,-1.61
2024-05-01,7234.2,7187.41,7266.87,7179.69,,0.0
2024-04-30,7234.2,7187.41,7266.87,7179.69,15660000000.0,1.1
2024-04-29,7155.78,7021.49,7155.78,7021.49,13000000000.0,1.7
2024-04-26,7036.08,7137.93,7149.25,7036.08,13760000000.0,-1.67
2024-04-25,7155.29,7167.98,7177.06,7132.1,14040000000.0,-0.27
2024-04-24,7174.53,7127.05,7191.18,7126.85,15410000000.0,0.9
2024-04-23,7110.81,7102.81,7165.95,7099.84,17290000000.0,0.52
2024-04-22,7073.82,7099.52,7117.02,7026.48,12160000000.0,-0.19
2024-04-19,7087.32,7131.46,7141.58,7036.21,15070000000.0,-1.11
2024-04-18,7166.81,7151.74,7180.56,7135.52,12940000000.0,0.5
2024-04-17,7130.84,7199.83,7234.37,7130.84,14350000000.0,-0.47
2024-04-16,7164.81,7130.63,7188.09,7066.57,17560000000.0,-1.68
2024-04-05,7286.88,7245.32,7298.86,7239.27,9490000000.0,0.45
2024-04-04,7254.4,7170.72,7254.4,7165.83,10890000000.0,1.22
2024-04-03,7166.84,7214.02,7226.35,7158.74,11100000000.0,-0.97
2024-04-02,7236.98,7199.12,7236.98,7153.94,12770000000.0,0.44
2024-04-01,7205.06,7286.11,7295.0,7137.46,12430000000.0,-1.15
2024-03-28,7288.81,7289.16,7313.01,7244.95,12410000000.0,-0.29
2024-03-27,7310.09,7364.23,7375.4,7292.8,12530000000.0,-0.75
2024-03-26,7365.66,7337.66,7371.84,7330.46,13840000000.0,-0.16
2024-03-25,7377.76,7339.52,7377.76,7316.93,12430000000.0,0.38
2024-03-22,7350.15,7327.51,7350.15,7318.44,12370000000.0,0.16
2024-03-21,7338.35,7360.56,7396.47,7336.6,13980000000.0,0.1
2024-03-20,7331.13,7303.93,7343.46,7295.35,16969999999.999998,-0.08
2024-03-19,7336.75,7320.54,7361.53,7314.18,13760000000.0,0.47
2024-03-18,7302.45,7338.08,7358.55,7300.94,15530000000.0,-0.35
2024-03-15,7328.05,7408.66,7416.34,7308.04,23150000000.0,-1.42
2024-03-14,7433.31,7405.57,7454.45,7380.65,12920000000.0,0.16
2024-03-13,7421.21,7422.3,7441.62,7392.01,13520000000.0,0.53
2024-03-08,7381.91,7398.43,7416.43,7376.16,12520000000.0,0.11
2024-03-07,7373.96,7338.73,7386.87,7334.31,19330000000.0,0.6
2024-03-06,7329.8,7252.08,7331.08,7248.53,18030000000.0,1.14
2024-03-05,7247.46,7296.53,7305.45,7238.34,15280000000.0,-0.4
2024-03-04,7276.75,7318.83,7328.38,7259.78,16809999999.999998,-0.48
2024-03-01,7311.91,7318.67,7331.32,7269.89,13460000000.0,-0.06
2024-02-29,7316.11,7326.8,7337.92,7289.34,23010000000.0,-0.17
2024-02-28,7328.64,7292.08,7328.74,7289.26,22040000000.0,0.59
2024-02-27,7285.32,7263.99,7292.93,7255.12,18390000000.0,0.02
2024-02-26,7283.82,7277.64,7295.14,7252.28,14710000000.0,-0.15
2024-02-23,7295.1,7326.53,7340.19,7262.1,14630000000.0,-0.61
2024-02-22,7339.64,7334.95,7365.76,7321.52,15450000000.0,-0.13
2024-02-21,7349.02,7345.79,7370.88,7286.67,15260000000.0,-0.05
2024-02-20,7352.6,7320.72,7354.11,7309.5,13000000000.0,0.77
2024-02-19,7296.7,7323.31,7339.76,7277.54,15120000000.0,-0.53
2024-02-16,7335.54,7337.82,7370.57,7314.88,14640000000.0,0.44
2024-02-15,7303.28,7337.63,7365.68,7298.48,18440000000.0,1.3
2024-02-13,7209.74,7301.59,7301.59,7197.83,12830000000.0,-1.2
2024-02-12,7297.67,7268.33,7306.16,7250.31,17870000000.0,0.86
2024-02-07,7235.15,7264.98,7285.13,7225.45,13810000000.0,-0.17
2024-02-06,7247.41,7230.15,7268.13,7212.14,13800000000.0,0.68
2024-02-05,7198.62,7237.33,7254.09,7186.17,13730000000.0,-0.55
2024-02-02,7238.79,7221.9,7238.79,7180.36,11440000000.0,0.52
2024-02-01,7201.7,7221.85,7248.53,7191.69,15740000000.0,-0.09
2024-01-31,7207.94,7213.31,7247.52,7192.64,17030000000.000002,0.22
2024-01-30,7192.22,7147.24,7213.19,7133.61,18220000000.0,0.49
2024-01-29,7157.17,7147.71,7177.7,7115.04,16040000000.0,0.28
2024-01-26,7137.09,7152.27,7166.69,7099.08,14020000000.0,-0.57
2024-01-25,7178.04,7215.53,7253.72,7176.11,13040000000.0,-0.69
2024-01-24,7227.82,7255.77,7271.96,7170.3,12890000000.0,-0.39
2024-01-23,7256.23,7232.52,7256.23,7201.83,13260000000.0,0.11
2024-01-22,7247.93,7233.17,7247.93,7194.95,14170000000.0,0.28
2024-01-19,7227.4,7271.34,7277.98,7170.81,13740000000.0,-0.35
2024-01-18,7252.97,7198.85,7267.08,7185.38,15890000000.0,0.73
2024-01-17,7200.63,7248.01,7252.46,7162.48,20210000000.0,-0.58
2024-01-16,7242.79,7231.64,7268.18,7210.03,13030000000.0,0.26
2024-01-15,7224.0,7254.04,7281.26,7206.31,13300000000.0,-0.24
2024-01-12,7241.14,7242.37,7271.87,7205.76,15220000000.0,0.29
2024-01-11,7219.96,7253.46,7277.5,7219.96,19050000000.0,-0.1
2024-01-10,7227.3,7187.58,7259.6,7152.88,15270000000.0,0.38
2024-01-09,7200.2,7299.78,7311.64,7180.16,15260000000.0,-1.14
2024-01-08,7283.58,7362.05,7393.13,7275.17,14060000000.0,-0.91
2024-01-05,7350.62,7376.29,7403.58,7350.62,16309999999.999998,-0.12
2024-01-04,7359.76,7290.06,7371.23,7280.41,15570000000.0,1.11
2024-01-03,7279.09,7316.11,7321.88,7275.87,15950000000.0,-0.61
2024-01-02,7323.59,7268.4,7323.59,7245.57,12140000000.0,0.7
2023-12-29,7272.8,7307.11,7309.78,7259.68,12320000000.0,-0.43
2023-12-28,7303.89,7266.57,7308.21,7262.25,12300000000.0,0.8
2023-12-27,7245.92,7256.16,7293.52,7239.66,12500000000.0,0.12
2023-12-26,7237.52,7225.62,7248.55,7218.17,,0.0
2023-12-22,7237.52,7225.62,7248.55,7218.17,11130000000.0,0.39
2023-12-21,7209.62,7222.09,7229.29,7173.01,14430000000.0,-0.14
2023-12-20,7219.67,7207.18,7237.97,7196.24,14230000000.0,0.44
2023-12-19,7187.85,7116.55,7187.85,7112.82,15540000000.0,0.96
2023-12-18,7119.52,7181.43,7192.89,7092.03,23950000000.0,-0.99
2023-12-15,7190.99,7183.15,7215.94,7169.43,20790000000.0,0.21
2023-12-14,7176.02,7134.04,7191.16,7115.45,22860000000.0,1.42
2023-12-13,7075.34,7110.08,7124.48,7045.94,18280000000.0,-0.7
2023-12-12,7125.31,7104.97,7134.22,7082.88,25510000000.0,0.52
2023-12-11,7088.79,7139.28,7153.12,7045.17,49010000000.0,-0.99
2023-12-08,7159.6,7134.62,7201.63,7123.04,27000000000.0,0.35
2023-12-07,7134.62,7087.4,7134.62,7041.01,23520000000.0,0.67
2023-12-06,7087.4,7100.85,7140.16,7085.81,27280000000.0,-0.19
2023-12-05,7100.85,7093.06,7117.58,7047.63,31960000000.0,0.1
2023-12-04,7093.6,7060.04,7149.24,7060.04,30840000000.0,0.48
2023-12-01,7059.91,7080.06,7083.86,7022.77,26600000000.0,-0.29
2023-11-30,7080.74,7036.09,7109.61,7036.09,25970000000.0,0.63
2023-11-29,7036.09,7041.07,7070.19,7020.01,16760000000.000002,-0.07
2023-11-28,7041.07,7013.41,7067.14,7010.83,16760000000.000002,0.39
2023-11-27,7013.41,7009.63,7061.83,7008.81,16350000000.000002,0.05
2023-11-24,7009.63,7004.48,7049.54,7000.1,18110000000.0,0.08
2023-11-23,7004.34,6907.09,7018.43,6906.61,21910000000.0,1.41
2023-11-22,6906.95,6961.79,6965.41,6893.51,18190000000.0,-0.79
2023-11-21,6961.79,6994.89,7010.98,6946.96,16059999999.999998,-0.47
2023-11-20,6994.89,6977.67,7011.06,6962.75,15050000000.0,0.25
2023-11-17,6977.67,6958.15,6977.67,6919.63,12290000000.0,0.28
2023-11-16,6958.01,6958.34,6964.17,6906.59,12290000000.0,0.0
2023-11-15,6958.21,6862.33,6985.59,6862.33,18180000000.0,1.4
2023-11-14,6862.06,6838.04,6886.81,6829.95,15260000000.0,0.35
2023-11-13,6838.31,6809.26,6857.1,6809.26,18760000000.0,0.43
2023-11-10,6809.26,6838.23,6843.96,6801.92,13360000000.0,-0.42
2023-11-09,6838.23,6804.11,6865.08,6793.76,12050000000.0,0.5
2023-11-08,6804.11,6843.65,6843.92,6760.1,15140000000.0,-0.58
2023-11-07,6843.79,6878.84,6887.02,6806.88,19310000000.0,-0.51
2023-11-06,6878.84,6788.85,6878.84,6787.23,22880000000.0,1.33
2023-11-03,6788.85,6751.39,6826.62,6748.7,23170000000.0,0.55
2023-11-02,6751.39,6642.69,6785.0,6642.69,22120000000.0,1.64
2023-11-01,6642.42,6751.94,6773.98,6639.82,20660000000.0,-1.63
2023-10-31,6752.21,6735.89,6754.52,6666.41,19550000000.0,0.24
2023-10-30,6735.89,6758.66,6775.21,6692.78,15780000000.0,-0.34
2023-10-27,6758.79,6714.52,6781.39,6713.94,16309999999.999998,0.66
2023-10-26,6714.52,6833.98,6838.81,6704.52,16829999999.999998,-1.75
2023-10-25,6834.39,6806.9,6878.56,6806.9,15380000000.0,0.41
2023-10-24,6806.76,6741.83,6826.05,6738.53,14150000000.0,0.96
2023-10-23,6741.96,6849.17,6853.45,6730.88,16850000000.000002,-1.57
2023-10-20,6849.17,6846.43,6869.47,6803.19,19410000000.0,0.04
2023-10-19,6846.43,6927.63,6927.98,6840.37,20590000000.0,-1.18
2023-10-18,6927.91,6939.62,6968.25,6908.29,18750000000.0,-0.17
2023-10-17,6939.62,6896.29,6948.04,6892.23,17690000000.0,0.63
2023-10-16,6896.29,6926.92,6970.6,6878.26,34159999999.999996,-0.44
2023-10-13,6926.78,6934.88,6973.75,6902.06,21630000000.0,-0.12
2023-10-12,6935.15,6931.89,6986.88,6931.89,21880000000.0,0.05
2023-10-11,6931.75,6922.19,6965.83,6914.72,17810000000.0,0.14
2023-10-10,6922.19,6891.46,6954.01,6891.46,12370000000.0,0.45
2023-10-09,6891.46,6888.52,6929.97,6880.54,13970000000.0,0.04
2023-10-06,6888.52,6875.1,6913.01,6875.1,14230000000.0,0.2
2023-10-05,6874.83,6886.99,6934.8,6874.83,16800000000.0,-0.17
2023-10-04,6886.58,6940.89,6943.27,6839.86,19610000000.0,-0.78
2023-10-03,6940.89,6961.46,6992.63,6940.89,16770000000.0,-0.3
2023-10-02,6961.46,6939.89,6984.58,6939.61,15790000000.0,0.31
2023-09-29,6939.89,6937.83,6978.59,6937.83,16570000000.0,0.03
2023-09-27,6937.83,6923.8,6970.85,6913.35,15490000000.0,0.2
2023-09-26,6923.8,6998.1,7019.55,6913.82,22250000000.0,-1.07
2023-09-25,6998.38,7016.98,7029.77,6994.44,18300000000.0,-0.26
2023-09-22,7016.84,6991.47,7040.13,6985.96,15570000000.0,0.36
2023-09-21,6991.47,7011.68,7021.29,6974.01,13800000000.0,-0.29
2023-09-20,7011.68,6980.32,7046.48,6980.32,14660000000.0,0.45
2023-09-19,6980.32,6936.37,6994.04,6934.71,13540000000.0,0.64
2023-09-18,6936.08,6982.79,6999.4,6928.77,15380000000.0,-0.67
2023-09-15,6982.79,6959.19,7011.88,6945.07,34690000000.0,0.34
2023-09-14,6959.33,6935.33,6968.98,6927.68,17180000000.0,0.34
2023-09-13,6935.48,6934.11,6944.82,6903.23,16390000000.0,0.02
2023-09-12,6933.97,6963.39,6976.48,6928.23,17470000000.0,-0.42
2023-09-11,6963.39,6924.78,6963.39,6904.36,17410000000.0,0.56
2023-09-08,6924.78,6954.81,6966.77,6900.59,14040000000.0,-0.43
2023-09-07,6954.81,6996.1,7003.67,6927.42,19120000000.0,-0.59
2023-09-06,6995.95,6991.71,7020.97,6989.79,16540000000.0,0.06
2023-09-05,6991.71,6996.75,7014.48,6972.63,18320000000.0,-0.07
2023-09-04,6996.75,6977.8,7007.8,6974.82,15460000000.0,0.27
2023-09-01,6977.65,6953.26,6992.63,6950.26,14580000000.0,0.35
2023-08-31,6953.26,6966.66,6982.35,6924.23,23310000000.0,-0.19
2023-08-30,6966.66,6958.26,7008.49,6958.26,15930000000.0,0.13
2023-08-29,6957.83,6921.73,6964.73,6921.73,24430000000.0,0.52
2023-08-28,6921.73,6895.87,6940.12,6895.87,18550000000.0,0.38
2023-08-25,6895.44,6899.39,6906.08,6869.63,13000000000.0,-0.06
2023-08-24,6899.39,6921.41,6937.65,6898.39,14280000000.0,-0.32
2023-08-23,6921.41,6916.45,6959.43,6916.45,17070000000.0,0.07
2023-08-22,6916.45,6866.03,6927.45,6860.69,15860000000.0,0.73
2023-08-21,6866.03,6860.05,6890.28,6859.42,20770000000.0,0.09
2023-08-18,6859.91,6899.83,6899.83,6856.38,13070000000.0,-0.59
2023-08-16,6900.54,6915.1,6915.1,6855.89,15230000000.0,-0.21
2023-08-15,6915.1,6910.46,6928.63,6898.38,17280000000.0,0.07
2023-08-14,6910.17,6879.98,6910.17,6823.75,13880000000.0,0.44
2023-08-11,6879.98,6893.28,6906.65,6865.11,13070000000.0,-0.19
2023-08-10,6893.28,6875.11,6910.75,6875.11,16270000000.0,0.26
2023-08-09,6875.11,6868.81,6901.06,6863.08,21850000000.0,0.09
2023-08-08,6868.81,6886.51,6915.05,6861.63,17040000000.0,-0.25
2023-08-07,6886.37,6852.84,6904.36,6852.84,13450000000.0,0.49
2023-08-04,6852.84,6898.22,6925.01,6850.9,11880000000.0,-0.66
2023-08-03,6898.08,6854.51,6924.05,6839.74,16360000000.0,0.64
2023-08-02,6854.51,6886.5,6886.5,6833.98,18390000000.0,-0.46
2023-08-01,6886.5,6931.08,6934.39,6880.47,19610000000.0,-0.65
2023-07-31,6931.36,6900.23,6931.36,6895.07,17149999999.999998,0.45
2023-07-28,6900.23,6896.81,6904.1,6857.37,14670000000.0,0.05
2023-07-27,6896.66,6948.28,6966.17,6896.66,15860000000.0,-0.74
2023-07-26,6948.28,6917.71,6955.98,6917.41,14970000000.0,0.44
2023-07-25,6917.71,6897.98,6944.62,6897.98,15050000000.0,0.27
2023-07-24,6899.4,6880.8,6929.68,6877.95,15010000000.0,0.27
2023-07-21,6880.8,6864.19,6880.8,6837.65,13160000000.0,0.24
2023-07-20,6864.19,6830.06,6874.89,6828.0,14200000000.0,0.5
2023-07-18,6830.2,6867.14,6902.14,6798.43,15040000000.0,-0.54
2023-07-17,6867.14,6869.71,6931.27,6867.14,17680000000.0,-0.04
2023-07-14,6869.57,6810.21,6874.78,6810.21,16070000000.0,0.87
2023-07-13,6810.21,6808.35,6835.74,6783.74,17140000000.0,0.03
2023-07-12,6808.21,6796.92,6820.18,6785.86,16170000000.000002,0.17
2023-07-11,6796.92,6731.18,6796.92,6730.63,16040000000.0,0.98
2023-07-10,6731.04,6716.46,6763.55,6716.46,12360000000.0,0.22
2023-07-07,6716.46,6757.05,6757.05,6711.22,15830000000.0,-0.6
2023-07-06,6757.33,6718.26,6766.27,6712.07,17950000000.0,0.57
2023-07-05,6718.98,6681.75,6719.06,6676.93,14890000000.0,0.56
2023-07-04,6681.75,6696.86,6713.99,6672.77,14630000000.0,-0.22
2023-07-03,6696.72,6661.74,6696.72,6660.82,12560000000.0,0.52
2023-06-27,6661.88,6664.67,6679.63,6652.9,14230000000.0,-0.04
2023-06-26,6664.67,6639.73,6674.06,6622.18,12600000000.0,0.38
2023-06-23,6639.73,6652.26,6665.66,6635.48,11340000000.0,-0.19
2023-06-22,6652.26,6702.77,6717.98,6652.26,16850000000.000002,-0.75
2023-06-21,6702.63,6660.46,6702.63,6635.67,12030000000.0,0.63
2023-06-20,6660.46,6686.06,6692.44,6626.15,11830000000.0,-0.38
2023-06-19,6686.06,6698.55,6705.04,6669.05,16140000000.0,-0.19
2023-06-16,6698.55,6713.52,6726.46,6669.34,17210000000.0,-0.23
2023-06-15,6713.79,6699.72,6717.46,6660.91,15120000000.0,0.21
2023-06-14,6699.72,6718.87,6744.64,6672.86,17830000000.0,-0.29
2023-06-13,6719.01,6722.37,6744.04,6697.07,17660000000.0,-0.05
2023-06-12,6722.37,6694.58,6722.37,6670.52,15870000000.0,0.42
2023-06-09,6694.02,6666.05,6703.82,6648.96,18280000000.0,0.42
2023-06-08,6666.33,6619.75,6666.33,6598.42,16860000000.0,0.7
2023-06-07,6619.75,6619.06,6638.58,6578.76,16290000000.0,0.01
2023-06-06,6618.92,6633.44,6677.57,6602.0,23180000000.0,-0.22
2023-06-05,6633.44,6633.26,6663.71,6598.51,15270000000.0,0.0
2023-05-31,6633.26,6636.42,6657.65,6562.96,61510000000.0,-0.05
2023-05-30,6636.42,6681.1,6700.24,6636.42,17380000000.0,-0.67
2023-05-29,6681.1,6687.28,6708.37,6617.24,16480000000.0,-0.09
2023-05-26,6687.0,6704.23,6727.29,6669.24,18150000000.0,-0.26
2023-05-25,6704.23,6745.8,6749.71,6702.53,15700000000.0,-0.62
2023-05-24,6745.8,6736.68,6755.88,6713.89,13770000000.0,0.14
2023-05-23,6736.68,6729.65,6772.65,6727.07,16219999999.999998,0.1
2023-05-22,6729.65,6700.56,6757.62,6675.88,16750000000.0,0.43
2023-05-19,6700.56,6663.11,6715.03,6662.75,16160000000.0,0.56
2023-05-17,6663.11,6676.42,6706.6,6661.47,18040000000.0,-0.2
2023-05-16,6676.56,6711.74,6729.07,6659.07,15640000000.0,-0.52
2023-05-15,6711.74,6708.46,6729.3,6656.65,14260000000.0,0.06
2023-05-12,6707.76,6755.94,6755.94,6704.57,17380000000.0,-0.71
2023-05-11,6755.94,6811.9,6814.12,6717.42,16290000000.0,-0.82
2023-05-10,6811.9,6780.4,6820.12,6775.19,18150000000.0,0.47
2023-05-09,6779.98,6769.63,6793.77,6742.18,17210000000.0,0.15
2023-05-08,6769.63,6787.49,6798.32,6756.66,17960000000.0,-0.27
2023-05-05,6787.63,6844.03,6851.59,6733.78,14820000000.0,-0.82
2023-05-04,6844.03,6812.72,6846.12,6780.09,13750000000.0,0.46
2023-05-03,6812.72,6863.3,6865.61,6776.9,12130000000.0,-0.74
2023-05-02,6863.3,6915.72,6920.34,6814.34,13650000000.0,-0.76
2023-04-28,6915.72,6945.48,6958.67,6897.71,13060000000.0,-0.43
2023-04-27,6945.48,6910.85,6971.91,6877.65,16160000000.0,0.51
2023-04-26,6910.15,6821.81,6910.15,6821.6,12020000000.0,1.29
2023-04-18,6821.81,6787.58,6839.76,6784.17,10370000000.0,0.5
2023-04-17,6787.58,6818.71,6829.51,6765.14,9490000000.0,-0.45
2023-04-14,6818.57,6785.88,6838.07,6785.7,13700000000.0,0.49
2023-04-13,6785.6,6798.54,6816.88,6764.66,16149999999.999998,-0.2
2023-04-12,6798.96,6811.46,6833.74,6775.28,15140000000.0,-0.18
2023-04-11,6811.31,6771.23,6811.31,6738.77,16140000000.0,0.59
2023-04-10,6771.23,6792.77,6799.49,6735.19,12940000000.0,-0.32
2023-04-06,6792.77,6819.67,6832.73,6786.29,17290000000.0,-0.39
2023-04-05,6819.67,6833.18,6867.34,6816.43,12400000000.0,-0.2
2023-04-04,6833.18,6827.03,6859.69,6781.52,13160000000.0,0.09
2023-04-03,6827.17,6805.28,6849.36,6805.13,12750000000.0,0.32
2023-03-31,6805.28,6809.09,6831.55,6789.61,13900000000.0,-0.05
2023-03-30,6808.95,6839.44,6868.63,6803.09,14050000000.0,-0.45
2023-03-29,6839.44,6760.33,6851.51,6760.33,14330000000.0,1.17
2023-03-28,6760.33,6708.93,6764.65,6708.93,12610000000.0,0.77
2023-03-27,6708.93,6762.25,6772.6,6704.75,13520000000.0,-0.79
2023-03-24,6762.25,6694.02,6776.9,6692.17,14660000000.0,1.06
2023-03-21,6691.61,6612.49,6691.61,6609.22,14550000000.0,1.2
2023-03-20,6612.49,6678.24,6678.24,6587.69,12890000000.0,-0.98
2023-03-17,6678.24,6565.73,6683.09,6565.73,45580000000.0,1.71
2023-03-16,6565.73,6628.14,6630.77,6542.79,15440000000.0,-0.94
2023-03-15,6628.14,6641.81,6709.86,6628.14,13920000000.0,-0.21
2023-03-14,6641.81,6786.67,6786.67,6635.38,16660000000.0,-2.14
2023-03-13,6786.96,6765.02,6812.87,6727.44,14180000000.0,0.32
2023-03-10,6765.3,6799.79,6799.79,6741.41,13170000000.0,-0.51
2023-03-09,6799.79,6776.37,6824.66,6776.37,11320000000.0,0.35
2023-03-08,6776.37,6766.76,6776.37,6728.19,14410000000.0,0.14
2023-03-07,6766.76,6806.86,6812.96,6758.0,14040000000.0,-0.59
2023-03-06,6807.0,6813.92,6856.57,6801.19,13710000000.0,-0.1
2023-03-03,6813.64,6857.42,6884.12,6804.48,11870000000.0,-0.64
2023-03-02,6857.42,6845.08,6875.1,6841.86,13610000000.0,0.18
2023-03-01,6844.94,6843.1,6889.51,6833.19,14630000000.0,0.02
2023-02-28,6843.24,6854.78,6890.35,6843.24,16790000000.0,-0.17
2023-02-27,6854.78,6856.58,6871.11,6819.87,12760000000.0,-0.03
2023-02-24,6856.58,6839.45,6880.31,6839.45,13030000000.0,0.25
2023-02-23,6839.45,6810.11,6839.45,6807.0,12450000000.0,0.43
2023-02-22,6809.97,6873.26,6875.39,6781.23,14920000000.0,-0.92
2023-02-21,6873.4,6894.72,6923.67,6870.91,14420000000.0,-0.31
2023-02-20,6894.72,6895.86,6910.5,6863.67,17590000000.0,-0.01
2023-02-17,6895.71,6895.66,6919.09,6868.28,18010000000.0,0.0
2023-02-16,6895.66,6914.54,6933.28,6875.3,17360000000.0,-0.27
2023-02-15,6914.54,6941.85,6946.03,6872.87,14850000000.0,-0.39
2023-02-14,6941.85,6900.14,6941.85,6900.14,16280000000.000002,0.6
2023-02-13,6900.14,6880.33,6915.14,6871.88,21390000000.0,0.29
2023-02-10,6880.33,6895.24,6895.24,6803.42,14080000000.0,-0.25
2023-02-09,6897.37,6940.12,6961.15,6896.04,17670000000.0,-0.62
2023-02-08,6940.12,6935.3,6961.92,6912.11,17270000000.0,0.07
2023-02-07,6935.3,6873.79,6946.23,6873.79,17310000000.0,0.89
2023-02-06,6873.79,6911.73,6924.88,6835.76,14350000000.0,-0.55
2023-02-03,6911.73,6890.71,6951.97,6890.71,20290000000.0,0.31
2023-02-02,6890.57,6862.26,6896.73,6855.37,18920000000.0,0.41
2023-02-01,6862.26,6838.92,6893.18,6838.92,14590000000.0,0.34
2023-01-31,6839.34,6872.52,6880.96,6827.24,15180000000.0,-0.48
2023-01-30,6872.48,6899.02,6925.47,6834.08,13470000000.0,-0.38
2023-01-27,6898.98,6864.82,6932.71,6864.82,14920000000.0,0.5
2023-01-26,6864.82,6829.97,6874.87,6815.79,17110000000.0,0.51
2023-01-25,6829.93,6860.85,6871.36,6821.28,18790000000.0,-0.45
2023-01-24,6860.85,6874.93,6906.79,6841.01,19680000000.0,-0.2
2023-01-20,6874.93,6819.91,6874.93,6819.53,17380000000.0,0.81
2023-01-19,6819.91,6765.75,6820.98,6754.55,15420000000.0,0.8
2023-01-18,6765.79,6767.18,6790.16,6721.46,19500000000.0,-0.02
2023-01-17,6767.34,6688.06,6801.87,6688.06,21760000000.0,1.19
2023-01-16,6688.06,6641.83,6688.06,6627.7,15490000000.0,0.7
2023-01-13,6641.83,6629.93,6658.48,6600.59,16559999999.999998,0.18
2023-01-12,6629.93,6584.49,6662.23,6574.09,14890000000.0,0.69
2023-01-11,6584.45,6622.54,6622.79,6557.92,12490000000.0,-0.57
2023-01-10,6622.5,6688.27,6690.23,6570.24,14480000000.0,-0.98
2023-01-09,6688.27,6684.56,6726.97,6638.65,13590000000.0,0.06
2023-01-06,6684.56,6653.76,6708.64,6598.65,10990000000.0,0.46
2023-01-05,6653.84,6813.28,6813.42,6621.99,18060000000.0,-2.34
2023-01-04,6813.24,6888.8,6900.6,6813.24,14250000000.0,-1.1
2023-01-03,6888.76,6850.98,6908.0,6838.57,15690000000.0,0.55
2023-01-02,6850.98,6850.74,6856.89,6823.48,10960000000.0,0.01
2022-12-30,6850.62,6860.12,6888.74,6838.59,12930000000.0,-0.14
2022-12-29,6860.08,6850.52,6879.58,6786.98,14100000000.0,0.14
2022-12-28,6850.52,6923.07,6953.04,6828.14,12060000000.0,-1.05
2022-12-27,6923.03,6835.85,6933.89,6835.66,12170000000.0,1.28
2022-12-26,6835.81,6800.71,6858.15,6796.17,11750000000.0,0.52
2022-12-23,6800.67,6824.39,6824.39,6784.59,12040000000.0,-0.35
2022-12-22,6824.43,6820.7,6844.12,6800.62,12900000000.0,0.06
2022-12-21,6820.66,6768.32,6820.66,6763.7,13910000000.0,0.77
2022-12-20,6768.32,6779.7,6792.2,6715.04,15180000000.0,-0.17
2022-12-19,6779.7,6812.15,6827.81,6754.09,12790000000.0,-0.48
2022-12-16,6812.19,6751.86,6812.19,6693.77,15610000000.0,0.89
2022-12-15,6751.86,6801.79,6801.84,6740.96,14510000000.0,-0.73
2022-12-14,6801.75,6810.36,6854.1,6774.13,21540000000.0,-0.13
2022-12-13,6810.32,6734.49,6826.12,6714.87,39610000000.0,1.13
2022-12-12,6734.45,6715.12,6734.45,6641.81,13450000000.0,0.29
2022-12-09,6715.12,6804.23,6804.23,6695.38,12710000000.0,-1.31
2022-12-08,6804.23,6818.79,6821.05,6683.63,16230000000.0,-0.21
2022-12-07,6818.75,6892.57,6892.66,6799.3,15870000000.0,-1.07
2022-12-06,6892.57,6987.37,6987.37,6862.56,14970000000.0,-1.36
2022-12-05,6987.33,7019.64,7053.9,6987.33,16530000000.000002,-0.46
2022-12-02,7019.64,7020.8,7021.81,6967.95,13950000000.0,-0.02
2022-12-01,7020.8,7081.19,7090.28,7018.27,16800000000.0,-0.85
2022-11-30,7081.31,7012.11,7081.31,6993.7,27350000000.0,0.99
2022-11-29,7012.07,7017.32,7036.54,6990.9,16410000000.0,-0.08
2022-11-28,7017.36,7053.11,7083.38,7011.45,18720000000.0,-0.51
2022-11-25,7053.15,7080.55,7086.56,7013.22,15870000000.0,-0.39
2022-11-24,7080.52,7054.16,7104.89,7054.16,15990000000.0,0.37
2022-11-23,7054.12,7030.63,7089.69,7026.39,15750000000.0,0.33
2022-11-22,7030.59,7063.25,7108.83,7030.59,17760000000.0,-0.46
2022-11-21,7063.25,7082.18,7107.32,7050.44,16280000000.000002,-0.27
2022-11-18,7082.18,7045.03,7094.1,7027.75,16719999999.999998,0.53
2022-11-17,7044.99,7014.38,7051.27,6965.76,15660000000.0,0.44
2022-11-16,7014.38,7035.5,7047.0,6955.53,16510000000.000002,-0.3
2022-11-15,7035.5,7019.39,7048.39,6999.24,16780000000.000002,0.23
2022-11-14,7019.39,7089.21,7104.76,7014.3,17460000000.0,-0.98
2022-11-11,7089.21,6967.0,7106.06,6967.0,22610000000.0,1.76
2022-11-10,6966.84,7070.08,7070.08,6956.29,18850000000.0,-1.46
2022-11-09,7070.08,7050.09,7073.55,7037.31,18740000000.0,0.28
2022-11-08,7050.13,7102.44,7111.44,7039.25,19340000000.0,-0.74
2022-11-07,7102.4,7045.53,7102.4,7011.56,19410000000.0,0.81
2022-11-04,7045.53,7034.57,7045.53,6973.32,18060000000.0,0.16
2022-11-03,7034.57,7015.69,7050.38,6962.85,17660000000.0,0.27
2022-11-02,7015.69,7052.3,7074.23,6976.87,16520000000.0,-0.52
2022-11-01,7052.3,7098.93,7128.14,7018.55,19310000000.0,-0.66
2022-10-31,7098.89,7056.04,7113.11,7051.43,19240000000.0,0.61
2022-10-28,7056.04,7091.76,7100.81,7016.7,18670000000.0,-0.5
2022-10-27,7091.76,7043.98,7104.85,7043.98,18810000000.0,0.68
2022-10-26,7043.94,7048.42,7081.88,7017.94,18780000000.0,-0.06
2022-10-25,7048.38,7053.08,7108.82,7032.54,22350000000.0,-0.07
2022-10-24,7053.04,7017.81,7092.17,7017.46,20390000000.0,0.5
2022-10-21,7017.77,6980.69,7058.91,6974.96,18150000000.0,0.53
2022-10-20,6980.65,6860.42,6986.21,6847.07,22570000000.0,1.75
2022-10-19,6860.42,6834.49,6883.92,6806.11,16540000000.0,0.38
2022-10-18,6834.49,6831.15,6891.98,6809.98,20480000000.0,0.05
2022-10-17,6831.12,6814.53,6836.98,6747.38,21780000000.0,0.24
2022-10-14,6814.53,6880.67,6943.85,6814.53,18810000000.0,-0.96
2022-10-13,6880.63,6909.21,6933.71,6880.63,17520000000.0,-0.41
2022-10-12,6909.21,6939.15,6990.59,6870.28,22580000000.0,-0.43
2022-10-11,6939.15,6994.4,7001.97,6937.81,23740000000.0,-0.79
2022-10-10,6994.4,7026.66,7026.66,6947.72,22010000000.0,-0.46
2022-10-07,7026.78,7076.62,7081.02,7008.14,22690000000.0,-0.7
2022-10-06,7076.62,7075.38,7135.91,7066.47,17760000000.0,0.02
2022-10-05,7075.38,7072.29,7131.88,7070.21,21970000000.0,0.04
2022-10-04,7072.26,7009.84,7101.47,7009.84,21640000000.0,0.89
2022-10-03,7009.72,7040.8,7047.62,6995.06,18000000000.0,-0.44
2022-09-30,7040.8,7036.2,7056.17,6926.86,20850000000.0,0.07
2022-09-29,7036.2,7077.11,7135.5,7023.21,21410000000.0,-0.58
2022-09-28,7077.03,7112.41,7156.98,7073.47,19340000000.0,-0.5
2022-09-27,7112.45,7127.5,7133.41,7075.65,22720000000.0,-0.21
2022-09-26,7127.5,7178.5,7178.5,7039.24,19340000000.0,-0.71
2022-09-23,7178.58,7219.03,7219.03,7172.53,20550000000.0,-0.56
2022-09-22,7218.91,7188.19,7225.55,7127.46,28260000000.0,0.43
2022-09-21,7188.31,7196.87,7204.9,7134.79,24620000000.0,-0.12
2022-09-20,7196.95,7195.57,7252.19,7186.25,27970000000.0,0.02
2022-09-19,7195.49,7168.95,7231.42,7151.62,25280000000.0,0.37
2022-09-16,7168.87,7305.6,7306.16,7163.07,35180000000.0,-1.87
2022-09-15,7305.6,7278.2,7377.5,7278.2,27430000000.0,0.38
2022-09-14,7278.08,7317.9,7317.9,7219.32,25020000000.0,-0.55
2022-09-13,7318.02,7254.46,7345.46,7254.42,28530000000.0,0.88
2022-09-12,7254.46,7242.7,7276.42,7218.46,30080000000.0,0.16
2022-09-09,7242.66,7232.06,7270.3,7206.37,27360000000.0,0.15
2022-09-08,7232.02,7186.76,7277.88,7186.56,27770000000.0,0.63
2022-09-07,7186.76,7233.15,7243.52,7166.63,32820000000.0,-0.64
2022-09-06,7233.15,7231.92,7287.7,7230.79,34640000000.0,0.02
2022-09-05,7231.88,7177.14,7245.4,7147.98,30920000000.0,0.76
2022-09-02,7177.18,7153.1,7207.62,7146.81,28480000000.0,0.34
2022-09-01,7153.1,7178.59,7197.06,7135.02,25240000000.0,-0.36
2022-08-31,7178.59,7159.51,7178.59,7073.22,25690000000.0,0.27
2022-08-30,7159.47,7132.08,7223.13,7131.62,30830000000.0,0.38
2022-08-29,7132.04,7135.09,7135.09,7015.35,25680000000.0,-0.04
2022-08-26,7135.25,7174.29,7194.08,7135.25,27390000000.0,-0.54
2022-08-25,7174.21,7194.71,7210.16,7146.31,28090000000.0,-0.28
2022-08-24,7194.71,7163.31,7204.42,7154.64,22150000000.0,0.44
2022-08-23,7163.27,7107.86,7183.26,7106.83,26060000000.0,0.78
2022-08-22,7107.98,7172.43,7174.28,7064.5,20450000000.0,-0.9
2022-08-19,7172.43,7186.6,7230.11,7172.43,23290000000.0,-0.2
2022-08-18,7186.56,7133.45,7186.56,7125.39,23930000000.0,0.74
2022-08-16,7133.45,7093.28,7147.97,7080.75,23120000000.0,0.57
2022-08-15,7093.28,7129.28,7156.92,7081.3,22820000000.0,-0.5
2022-08-12,7129.28,7160.38,7164.67,7113.58,24010000000.0,-0.43
2022-08-11,7160.38,7086.28,7181.1,7086.28,24630000000.0,1.05
2022-08-10,7086.24,7102.88,7104.03,7021.67,20040000000.0,-0.23
2022-08-09,7102.88,7086.85,7144.2,7086.85,26320000000.0,0.23
2022-08-08,7086.85,7084.65,7100.81,7050.82,21900000000.0,0.03
2022-08-05,7084.65,7057.35,7090.77,7045.98,17390000000.0,0.39
2022-08-04,7057.35,7046.63,7075.56,7025.05,24820000000.0,0.15
2022-08-03,7046.63,6988.16,7046.63,6971.74,22580000000.0,0.84
2022-08-02,6988.16,6968.78,6991.39,6902.63,21620000000.0,0.28
2022-08-01,6968.78,6951.12,7005.29,6949.63,23850000000.0,0.25
2022-07-29,6951.12,6956.9,7032.35,6951.12,29250000000.0,-0.08
2022-07-28,6956.82,6898.3,6984.53,6898.3,28730000000.0,0.85
2022-07-27,6898.22,6871.5,6911.9,6861.45,27680000000.0,0.39
2022-07-26,6871.54,6858.45,6899.93,6857.8,32020000000.000004,0.19
2022-07-25,6858.41,6887.04,6908.19,6858.41,21060000000.0,-0.41
2022-07-22,6886.96,6864.13,6901.72,6850.49,19960000000.0,0.33
2022-07-21,6864.13,6874.78,6893.38,6809.72,15640000000.0,-0.15
2022-07-20,6874.74,6736.17,6880.76,6736.06,18250000000.0,2.06
2022-07-19,6736.09,6659.29,6740.08,6626.25,17079999999.999998,1.15
2022-07-18,6659.25,6652.06,6702.07,6611.93,14370000000.0,0.11
2022-07-15,6651.9,6690.09,6716.96,6645.9,14570000000.0,-0.57
2022-07-14,6690.09,6640.99,6700.05,6607.7,13130000000.0,0.74
2022-07-13,6640.99,6718.29,6727.92,6636.05,16930000000.0,-1.15
2022-07-12,6718.29,6722.19,6745.43,6708.18,18430000000.0,-0.06
2022-07-11,6722.15,6740.02,6757.09,6690.62,16360000000.0,-0.27
2022-07-08,6740.22,6652.67,6740.22,6652.67,15760000000.0,1.32
2022-07-07,6652.59,6646.41,6682.67,6632.39,15800000000.0,0.09
2022-07-06,6646.41,6703.27,6709.92,6602.9,14060000000.0,-0.85
2022-07-05,6703.27,6639.21,6767.83,6639.21,18110000000.0,0.97
2022-07-04,6639.17,6794.37,6796.52,6559.64,17290000000.0,-2.28
2022-07-01,6794.33,6911.58,6940.98,6777.32,15740000000.0,-1.7
2022-06-30,6911.58,6942.35,6990.86,6897.68,16480000000.0,-0.44
2022-06-29,6942.35,6996.46,7016.06,6942.35,16469999999.999998,-0.77
2022-06-28,6996.46,7016.14,7016.92,6960.07,17260000000.0,-0.28
2022-06-27,7016.06,7043.02,7070.52,6973.66,18140000000.0,-0.38
2022-06-24,7042.94,6998.35,7067.75,6997.92,20150000000.0,0.64
2022-06-23,6998.27,6984.31,7010.27,6920.73,21210000000.0,0.2
2022-06-22,6984.31,7044.11,7063.26,6968.3,21420000000.0,-0.85
2022-06-21,7044.07,6976.34,7049.91,6967.62,23540000000.0,0.97
2022-06-20,6976.38,6937.01,6976.38,6859.6,27040000000.0,0.57
2022-06-17,6936.97,6987.75,6999.54,6882.64,28160000000.0,-1.61
2022-06-16,7050.33,7063.08,7138.5,7025.93,26860000000.0,0.62
2022-06-15,7007.05,7031.2,7086.38,6966.03,27410000000.0,-0.61
2022-06-14,7049.88,6949.65,7049.88,6932.71,23500000000.0,0.78
2022-06-13,6995.44,6992.23,6996.71,6924.95,26290000000.0,-1.29
2022-06-10,7086.65,7143.24,7160.12,7051.22,24460000000.0,-1.34
2022-06-09,7182.83,7186.89,7258.0,7174.82,27000000000.0,-0.15
2022-06-08,7193.31,7133.5,7220.08,7102.86,26060000000.0,0.73
2022-06-07,7141.04,7101.31,7192.54,7062.97,27520000000.0,0.63
2022-06-06,7096.58,7163.17,7194.54,7056.17,23120000000.0,-1.2
2022-06-03,7182.96,7176.68,7234.0,7170.69,24060000000.0,0.48
2022-06-02,7148.72,7130.6,7209.08,7117.98,22740000000.0,0.0
2022-05-31,7148.97,7064.23,7148.97,7033.76,27960000000.0,1.58
2022-05-30,7037.56,7052.17,7069.25,6974.62,20150000000.0,0.16
2022-05-27,7026.26,6948.23,7032.82,6938.29,19690000000.0,2.07
2022-05-25,6883.5,6914.65,6944.48,6858.7,17390000000.0,-0.44
2022-05-24,6914.14,6859.22,6941.67,6822.14,19780000000.0,1.07
2022-05-23,6840.77,6930.94,6972.18,6802.71,18180000000.0,-1.12
2022-05-20,6918.14,6839.02,6965.11,6804.91,19320000000.0,1.39
2022-05-19,6823.33,6719.76,6851.72,6620.68,23470000000.0,0.44
2022-05-18,6793.41,6676.39,6804.91,6648.94,19230000000.0,2.24
2022-05-17,6644.47,6603.89,6703.05,6574.14,19590000000.0,0.7
2022-05-13,6597.99,6586.58,6633.01,6509.88,17770000000.0,-0.03
2022-05-12,6599.84,6802.33,6802.33,6576.31,19470000000.0,-3.17
2022-05-11,6816.2,6816.2,6902.22,6796.3,20620000000.0,-0.05
2022-05-10,6819.79,6747.56,6832.1,6662.61,19310000000.0,-1.3
2022-05-09,6909.75,7154.92,7156.48,6897.0,21280000000.0,-4.42
2022-04-28,7228.91,7260.27,7267.11,7204.6,19430000000.0,0.45
2022-04-27,7196.76,7211.71,7226.02,7175.07,20200000000.0,-0.49
2022-04-26,7232.15,7208.92,7247.48,7161.66,19740000000.0,0.22
2022-04-25,7215.98,7204.16,7234.31,7121.86,21230000000.0,-0.13
2022-04-22,7225.61,7251.98,7291.48,7174.81,24980000000.0,-0.7
2022-04-21,7276.19,7249.5,7294.67,7245.73,17710000000.0,0.68
2022-04-20,7227.36,7226.87,7262.56,7184.96,26630000000.0,0.39
2022-04-19,7199.23,7283.42,7297.39,7199.23,21480000000.0,-1.05
2022-04-18,7275.29,7245.5,7277.08,7243.36,21080000000.0,0.55
2022-04-14,7235.53,7265.32,7282.91,7234.33,23870000000.0,-0.38
2022-04-13,7262.78,7240.19,7266.4,7212.86,24590000000.0,0.67
2022-04-12,7214.78,7205.08,7320.24,7146.59,25390000000.0,0.15
2022-04-11,7203.79,7212.0,7355.3,7194.61,33460000000.0,-0.1
2022-04-08,7210.83,7157.31,7216.49,7151.26,20740000000.0,1.17
2022-04-07,7127.37,7115.09,7145.17,7097.9,20480000000.0,0.33
2022-04-06,7104.22,7128.41,7147.99,7090.22,21670000000.0,-0.62
2022-04-05,7148.3,7122.91,7148.3,7110.11,18420000000.0,0.45
2022-04-04,7116.22,7082.25,7116.22,7060.21,17360000000.0,0.53
2022-04-01,7078.76,7093.7,7099.3,7040.49,15760000000.0,0.1
2022-03-31,7071.44,7070.76,7099.5,7049.81,17870000000.0,0.26
2022-03-30,7053.19,7037.2,7055.87,7022.65,19460000000.0,0.59
2022-03-29,7011.69,7052.73,7072.78,7007.91,18520000000.0,-0.54
2022-03-28,7049.6,6996.32,7051.54,6987.22,17400000000.0,0.67
2022-03-25,7002.53,7050.55,7055.34,6978.4,20190000000.0,-0.67
2022-03-24,7049.69,6986.18,7049.69,6977.83,26500000000.0,0.77
2022-03-23,6996.12,7010.84,7022.04,6976.16,21420000000.0,-0.07
2022-03-22,7000.82,6974.98,7003.26,6968.2,18830000000.0,0.66
2022-03-21,6955.18,6945.89,6974.15,6929.93,21670000000.0,0.0
2022-03-18,6954.96,6981.26,7000.59,6926.41,19810000000.0,-0.14
2022-03-17,6964.38,7016.53,7032.7,6949.17,19740000000.0,-0.4
2022-03-16,6992.4,6951.35,6992.4,6946.84,17129999999.999998,1.07
2022-03-15,6918.19,6968.35,6996.32,6894.92,18970000000.0,-0.49
2022-03-14,6952.2,6949.21,6969.99,6918.31,19330000000.0,0.43
2022-03-11,6922.6,6872.63,6922.6,6853.86,17410000000.0,-0.02
2022-03-10,6924.01,6897.17,6924.01,6837.73,19410000000.0,0.87
2022-03-09,6864.44,6836.67,6888.93,6824.09,21000000000.0,0.74
2022-03-08,6814.18,6895.63,6929.86,6814.18,24620000000.0,-0.8
2022-03-07,6869.07,6905.32,6917.93,6843.81,26130000000.0,-0.86
2022-03-04,6928.33,6921.32,6936.99,6895.73,24750000000.0,0.87
2022-03-02,6868.4,6956.62,6973.36,6861.96,32580000000.0,-0.77
2022-03-01,6921.44,6964.7,6996.94,6915.98,19600000000.0,0.48
2022-02-25,6888.17,6825.37,6904.91,6822.24,21190000000.0,1.03
2022-02-24,6817.82,6912.48,6929.91,6758.86,28270000000.0,-1.48
2022-02-23,6920.06,6878.63,6920.06,6873.81,20480000000.0,0.85
2022-02-22,6861.99,6879.82,6904.0,6823.94,19620000000.0,-0.59
2022-02-21,6902.96,6896.75,6927.91,6886.13,23160000000.0,0.15
2022-02-18,6892.82,6837.52,6899.41,6812.36,23380000000.0,0.84
2022-02-17,6835.12,6836.18,6859.71,6790.59,22950000000.0,-0.22
2022-02-16,6850.2,6821.93,6857.65,6821.16,21630000000.0,0.63
2022-02-15,6807.5,6746.36,6807.5,6727.36,21040000000.0,1.08
2022-02-14,6734.49,6791.32,6796.71,6698.51,20290000000.0,-1.19
2022-02-11,6815.61,6813.61,6825.06,6773.54,22360000000.0,-0.12
2022-02-10,6823.64,6859.33,6874.35,6814.21,27950000000.0,-0.16
2022-02-09,6834.61,6811.75,6840.39,6796.63,25350000000.0,0.66
2022-02-08,6789.52,6813.18,6860.75,6780.42,25590000000.0,-0.23
2022-02-07,6804.94,6751.35,6806.73,6748.91,22590000000.0,1.09
2022-02-04,6731.39,6697.94,6731.39,6685.4,17730000000.0,0.71
2022-02-03,6683.85,6724.4,6730.6,6648.08,20240000000.0,-0.35
2022-02-02,6707.65,6657.79,6716.6,6650.3,21480000000.0,1.15
2022-01-31,6631.15,6656.71,6669.91,6626.66,18250000000.0,-0.22
2022-01-28,6645.51,6618.72,6645.51,6603.49,19270000000.0,0.52
2022-01-27,6611.16,6586.85,6627.41,6570.75,17780000000.0,0.16
2022-01-26,6600.82,6569.82,6601.34,6549.52,22630000000.0,0.5
2022-01-25,6568.17,6630.88,6632.95,6523.93,21320000000.0,-1.31
2022-01-24,6655.17,6700.82,6712.26,6645.41,17620000000.0,-1.06
2022-01-21,6726.37,6626.35,6726.37,6607.42,15460000000.0,1.5
2022-01-20,6626.87,6607.8,6637.21,6587.77,15830000000.0,0.53
2022-01-19,6591.98,6609.83,6615.45,6575.38,17140000000.0,-0.33
2022-01-18,6614.06,6654.96,6667.4,6534.27,17280000000.0,-0.47
2022-01-17,6645.05,6711.41,6711.82,6625.86,14860000000.0,-0.72
2022-01-14,6693.4,6653.65,6699.41,6631.05,14050000000.0,0.53
2022-01-13,6658.36,6659.97,6667.94,6626.34,18080000000.0,0.17
2022-01-12,6647.06,6662.4,6690.32,6625.76,19290000000.0,-0.01
2022-01-11,6647.97,6705.8,6727.77,6636.5,18110000000.0,-0.64
2022-01-10,6691.12,6697.38,6725.02,6689.28,15940000000.0,-0.15
2022-01-07,6701.32,6669.51,6712.15,6647.71,15710000000.0,0.72
2022-01-06,6653.35,6674.85,6679.85,6593.23,18000000000.0,-0.13
2022-01-05,6662.3,6703.17,6738.11,6634.84,17910000000.0,-0.49
2022-01-04,6695.37,6675.13,6720.66,6675.13,18590000000.0,0.45
2022-01-03,6665.31,6586.26,6677.2,6586.13,18260000000.0,1.27
2021-12-30,6581.48,6609.44,6613.73,6581.48,19200000000.0,-0.29
2021-12-29,6600.68,6603.76,6621.58,6585.4,20050000000.0,0.04
2021-12-28,6598.34,6588.13,6615.95,6586.52,19180000000.0,0.35
2021-12-27,6575.44,6570.56,6588.43,6562.55,17900000000.0,0.19
2021-12-24,6562.9,6559.09,6583.86,6554.98,17640000000.0,0.11
2021-12-23,6555.55,6537.6,6570.29,6531.78,21000000000.0,0.4
2021-12-22,6529.59,6572.53,6592.17,6529.59,18720000000.0,-0.38
2021-12-21,6554.31,6545.54,6579.89,6531.56,18650000000.0,0.11
2021-12-20,6547.11,6571.35,6579.13,6533.52,18130000000.0,-0.83
2021-12-17,6601.93,6584.89,6609.05,6559.3,21020000000.0,0.11
2021-12-16,6594.8,6648.29,6661.94,6579.36,18590000000.0,-0.47
2021-12-15,6626.26,6615.72,6662.84,6610.45,19600000000.0,0.16
2021-12-14,6615.64,6665.38,6671.31,6598.69,18760000000.0,-0.71
2021-12-13,6662.87,6663.74,6688.38,6659.17,23210000000.0,0.15
2021-12-10,6652.92,6618.69,6652.92,6605.42,22920000000.0,0.14
2021-12-09,6643.93,6617.13,6643.93,6602.88,24020000000.0,0.61
2021-12-08,6603.8,6618.76,6632.94,6584.97,21690000000.0,0.02
2021-12-07,6602.57,6575.98,6608.63,6573.11,21240000000.0,0.85
2021-12-06,6547.12,6552.82,6585.26,6525.98,18010000000.0,0.13
2021-12-03,6538.51,6588.01,6600.16,6536.91,17260000000.0,-0.69
2021-12-02,6583.82,6517.34,6586.9,6484.58,21080000000.0,1.17
2021-12-01,6507.68,6544.52,6593.07,6494.5,19510000000.0,-0.4
2021-11-30,6533.93,6605.8,6647.48,6533.93,21680000000.0,-1.13
2021-11-29,6608.29,6552.8,6617.29,6487.75,,0.71
2021-11-26,6561.55,6688.57,6691.71,6544.9,24250000000.0,-2.06
2021-11-25,6699.35,6694.96,6751.0,6694.8,21570000000.0,0.24
2021-11-24,6683.28,6697.42,6698.41,6668.05,22460000000.0,0.08
2021-11-23,6677.88,6716.16,6732.9,6662.54,18630000000.0,-0.68
2021-11-22,6723.39,6731.52,6754.46,6690.82,21810000000.0,0.05
2021-11-19,6720.26,6651.78,6720.99,6651.78,25880000000.0,1.26
2021-11-18,6636.47,6653.7,6669.79,6621.69,24800000000.0,-0.59
2021-11-17,6675.8,6667.86,6679.3,6650.49,21720000000.0,0.37
2021-11-16,6651.21,6598.41,6654.52,6592.23,20700000000.0,0.53
2021-11-15,6616.03,6661.85,6675.6,6610.82,20330000000.0,-0.53
2021-11-12,6651.05,6710.85,6714.16,6646.32,19860000000.0,-0.6
2021-11-11,6691.34,6694.58,6704.46,6671.23,20920000000.0,0.12
2021-11-10,6683.15,6665.55,6683.15,6651.8,15340000000.0,0.2
2021-11-09,6669.93,6640.22,6669.93,6633.21,19240000000.0,0.57
2021-11-08,6632.3,6599.4,6637.01,6592.06,16739999999.999998,0.77
2021-11-05,6581.78,6600.72,6608.43,6550.12,15410000000.0,-0.07
2021-11-04,6586.44,6588.19,6617.86,6583.17,15530000000.0,0.52
2021-11-03,6552.13,6497.86,6561.81,6485.25,17160000000.0,0.91
2021-11-02,6493.27,6557.94,6573.69,6480.01,16530000000.000002,-0.91
2021-11-01,6552.89,6618.12,6627.85,6552.89,18250000000.0,-0.58
2021-10-29,6591.35,6561.71,6596.77,6551.54,17149999999.999998,1.03
2021-10-28,6524.08,6578.58,6600.25,6509.88,18930000000.0,-1.18
2021-10-27,6602.21,6664.37,6670.81,6590.51,18250000000.0,-0.82
2021-10-26,6656.94,6640.05,6680.12,6638.03,18020000000.0,0.47
2021-10-25,6625.7,6626.37,6673.52,6625.7,17560000000.0,-0.27
2021-10-22,6643.74,6620.66,6655.44,6585.56,16579999999.999998,0.16
2021-10-21,6632.97,6670.27,6687.13,6602.07,21510000000.0,-0.35
2021-10-19,6656.0,6665.72,6677.6,6613.89,18850000000.0,-0.04
2021-10-18,6658.77,6649.28,6684.82,6620.85,18860000000.0,0.38
2021-10-15,6633.34,6645.26,6680.01,6573.34,16010000000.000002,0.11
2021-10-14,6626.11,6552.21,6637.4,6552.21,17820000000.0,1.36
2021-10-13,6536.9,6502.16,6600.52,6492.66,19350000000.0,0.78
2021-10-12,6486.27,6462.31,6504.01,6460.09,20460000000.0,0.41
2021-10-11,6459.7,6482.96,6506.09,6451.68,20480000000.0,-0.34
2021-10-08,6481.77,6440.0,6497.66,6436.52,23130000000.0,1.02
2021-10-07,6416.4,6414.91,6458.64,6392.73,18320000000.0,-0.01
2021-10-06,6417.32,6313.65,6441.5,6307.11,23140000000.0,2.06
2021-10-05,6288.05,6337.33,6361.45,6277.7,26830000000.0,-0.86
2021-10-04,6342.69,6234.8,6342.69,6234.8,25790000000.0,1.83
2021-10-01,6228.85,6269.24,6272.06,6202.91,19030000000.0,-0.92
2021-09-30,6286.94,6175.42,6286.94,6174.18,20270000000.0,2.02
2021-09-29,6162.55,6100.83,6162.55,6086.26,23070000000.0,0.81
2021-09-28,6113.11,6128.06,6137.95,6097.72,27260000000.0,-0.15
2021-09-27,6122.49,6141.47,6163.28,6109.67,20660000000.0,-0.36
2021-09-24,6144.81,6142.29,6163.88,6119.14,19630000000.0,0.03
2021-09-23,6142.71,6117.64,6148.15,6117.58,21330000000.0,0.56
2021-09-22,6108.27,6060.31,6123.74,6059.63,18430000000.0,0.78
2021-09-21,6060.76,6049.79,6068.79,5996.41,17960000000.0,-0.26
2021-09-20,6076.31,6132.03,6133.17,6053.93,17660000000.0,-0.93
2021-09-17,6133.25,6098.88,6133.25,6086.08,22470000000.0,0.38
2021-09-16,6109.94,6126.56,6137.67,6098.88,21890000000.0,0.0
2021-09-15,6110.23,6123.91,6125.33,6100.0,18870000000.0,-0.31
2021-09-14,6129.1,6100.63,6130.86,6099.16,20170000000.0,0.67
2021-09-13,6088.16,6080.06,6094.99,6052.97,15890000000.0,-0.11
2021-09-10,6094.87,6059.15,6102.83,6047.61,19290000000.0,0.44
2021-09-09,6068.22,6024.32,6072.64,5982.77,21470000000.0,0.7
2021-09-08,6026.02,6114.48,6123.76,6001.58,19640000000.0,-1.41
2021-09-07,6112.4,6135.87,6145.49,6100.94,18070000000.0,-0.24
2021-09-06,6126.94,6137.13,6150.36,6100.93,17390000000.0,0.0
2021-09-03,6126.92,6085.63,6126.92,6056.19,17149999999.999998,0.8
2021-09-02,6078.23,6092.65,6110.05,6054.28,17940000000.0,-0.21
2021-09-01,6090.93,6157.82,6169.06,6089.23,19460000000.0,-0.97
2021-08-31,6150.3,6148.77,6158.07,6117.5,18910000000.0,0.09
2021-08-30,6144.9,6062.11,6144.9,6062.11,15930000000.0,1.71
2021-08-27,6041.37,6052.83,6066.49,6021.95,15700000000.0,-0.28
2021-08-26,6058.08,6107.04,6119.66,6034.05,17300000000.0,-0.9
2021-08-25,6113.24,6094.15,6131.91,6093.1,21430000000.0,0.39
2021-08-24,6089.5,6114.67,6138.5,6053.57,23900000000.0,-0.33
2021-08-23,6109.83,6037.7,6109.83,6037.7,19380000000.0,1.31
2021-08-20,6030.77,5988.76,6030.77,5938.41,20100000000.0,0.64
2021-08-19,5992.32,6110.55,6111.01,5958.04,21440000000.0,-2.06
2021-08-18,6118.15,6109.56,6136.28,6040.6,20900000000.0,0.5
2021-08-16,6087.91,6144.94,6147.3,6056.74,17170000000.000002,-0.84
2021-08-13,6139.49,6154.05,6179.9,6113.26,16370000000.000002,0.0
2021-08-12,6139.65,6092.24,6139.81,6051.85,20700000000.0,0.84
2021-08-10,6088.41,6139.34,6147.77,6042.48,20500000000.0,-0.64
2021-08-09,6127.46,6203.75,6239.02,6110.55,29360000000.0,-1.22
2021-08-06,6203.43,6223.83,6263.54,6190.86,24550000000.0,-0.03
2021-08-05,6205.42,6174.61,6218.65,6173.57,26830000000.0,0.75
2021-08-04,6159.03,6142.48,6163.81,6112.72,27120000000.0,0.46
2021-08-03,6130.57,6108.0,6142.52,6105.11,22680000000.0,0.56
2021-08-02,6096.54,6098.01,6112.83,6048.1,21630000000.0,0.44
2021-07-30,6070.04,6136.37,6160.46,6069.84,19360000000.0,-0.83
2021-07-29,6120.73,6106.61,6135.35,6096.5,17890000000.0,0.53
2021-07-28,6088.52,6094.54,6116.51,6074.87,16120000000.000002,-0.14
2021-07-27,6097.05,6120.93,6144.59,6068.51,17920000000.0,-0.15
2021-07-26,6106.39,6109.03,6137.05,6091.02,15620000000.0,0.08
2021-07-23,6101.69,6145.76,6166.31,6090.6,14330000000.0,-0.58
2021-07-22,6137.55,6057.54,6137.55,6057.54,17840000000.0,1.78
2021-07-21,6029.98,6034.57,6053.19,6020.86,15310000000.0,0.21
2021-07-19,6017.39,6062.97,6063.65,6015.15,12300000000.0,-0.91
2021-07-16,6072.51,6063.42,6079.14,6051.76,12940000000.0,0.43
2021-07-15,6046.75,5986.65,6046.75,5982.8,14100000000.0,1.13
2021-07-14,5979.22,6008.24,6013.04,5947.62,13850000000.0,-0.55
2021-07-13,6012.03,6097.23,6114.29,6004.82,17260000000.0,-1.09
2021-07-12,6078.57,6060.05,6097.12,6055.99,13540000000.0,0.64
2021-07-09,6039.84,6037.0,6060.54,6026.55,13640000000.0,0.0
2021-07-08,6039.9,6052.8,6080.22,6028.61,15950000000.0,-0.07
2021-07-07,6044.04,6062.77,6066.99,6022.31,16550000000.0,-0.05
2021-07-06,6047.11,6015.58,6054.61,6013.06,16100000000.000002,0.69
2021-07-05,6005.61,6024.16,6036.98,5985.35,13170000000.0,-0.29
2021-07-02,6023.01,6020.07,6043.43,6014.87,14680000000.0,0.28
2021-07-01,6005.96,6001.12,6039.03,5969.1,14100000000.0,0.34
2021-06-30,5985.49,5950.43,6011.26,5950.42,20320000000.0,0.61
2021-06-29,5949.05,5944.24,5992.86,5913.59,18880000000.0,0.16
2021-06-28,5939.47,6015.28,6030.89,5939.47,14580000000.0,-1.38
2021-06-25,6022.4,6027.22,6067.79,6019.4,17240000000.0,0.17
2021-06-24,6012.06,6052.08,6060.49,6003.2,16850000000.000002,-0.37
2021-06-23,6034.54,6095.9,6130.1,6034.54,19960000000.0,-0.88
2021-06-22,6087.84,6006.66,6118.86,6006.66,15120000000.0,1.53
2021-06-21,5996.25,5959.97,6021.49,5884.92,16000000000.0,-0.18
2021-06-18,6007.12,6065.52,6070.42,5944.05,23800000000.0,-1.01
2021-06-17,6068.45,6063.54,6082.29,6034.83,20510000000.0,-0.17
2021-06-16,6078.57,6071.44,6114.1,6049.57,15300000000.0,-0.17
2021-06-15,6089.04,6085.36,6091.37,6051.24,16360000000.0,0.14
2021-06-14,6080.38,6110.8,6124.87,6071.73,19620000000.0,-0.25
2021-06-11,6095.5,6118.38,6134.88,6084.24,19650000000.0,-0.2
2021-06-10,6107.54,6065.93,6111.45,6064.93,21580000000.0,0.99
2021-06-09,6047.48,5973.04,6047.48,5972.45,23930000000.0,0.8
2021-06-08,5999.37,6071.25,6075.89,5992.12,26520000000.0,-1.16
2021-06-07,6069.94,6075.51,6088.0,6050.8,20000000000.0,0.08
2021-06-04,6065.17,6091.13,6103.86,6043.86,15870000000.0,-0.43
2021-06-03,6091.51,6038.86,6091.51,6005.64,18130000000.0,0.99
2021-06-02,6031.58,6002.48,6031.58,5991.51,17850000000.0,1.41
2021-05-31,5947.46,5869.22,5947.46,5860.54,16899999999.999998,1.69
2021-05-28,5848.62,5875.27,5891.47,5833.34,18150000000.0,0.12
2021-05-27,5841.83,5850.5,5904.84,5841.83,21190000000.0,0.45
2021-05-25,5815.84,5772.94,5848.55,5769.29,14460000000.0,0.91
2021-05-24,5763.63,5793.07,5805.15,5759.34,14140000000.0,-0.16
2021-05-21,5773.12,5824.11,5838.23,5742.04,13370000000.0,-0.42
2021-05-20,5797.6,5759.63,5814.78,5751.34,11400000000.0,0.64
2021-05-19,5760.58,5817.14,5828.21,5752.26,13830000000.0,-1.27
2021-05-18,5834.39,5836.08,5855.67,5782.78,16030000000.000002,0.01
2021-05-17,5833.86,5950.14,5958.79,5817.71,15060000000.0,-1.76
2021-05-11,5938.35,5965.85,5966.66,5911.38,12080000000.0,-0.63
2021-05-10,5975.79,5942.11,5985.37,5941.93,12010000000.0,0.8
2021-05-07,5928.31,5987.33,5994.33,5922.49,12180000000.0,-0.7
2021-05-06,5970.24,5987.07,6005.09,5950.9,12040000000.0,-0.09
2021-05-05,5975.91,5974.56,5992.93,5971.31,13120000000.0,0.2
2021-05-04,5963.82,5955.4,5974.68,5932.32,14150000000.0,0.19
2021-05-03,5952.6,5999.66,6004.01,5938.88,15200000000.0,-0.72
2021-04-30,5995.62,6026.53,6033.9,5985.02,13680000000.0,-0.29
2021-04-29,6012.96,6005.8,6019.02,5987.74,13100000000.0,0.64
2021-04-28,5974.48,5959.95,5981.9,5953.94,12770000000.0,0.25
2021-04-27,5959.62,5987.0,6003.92,5950.87,12290000000.0,-0.09
2021-04-26,5964.82,6018.34,6027.75,5955.62,12280000000.0,-0.86
2021-04-23,6016.86,6000.91,6027.06,5973.25,15150000000.0,0.38
2021-04-22,5994.18,6004.79,6024.94,5980.45,13980000000.0,0.02
2021-04-21,5993.24,6010.27,6025.5,5989.98,11730000000.0,-0.75
2021-04-20,6038.32,6029.99,6045.69,5997.95,10670000000.0,-0.23
2021-04-19,6052.54,6084.78,6096.99,6031.83,15980000000.0,-0.55
2021-04-16,6086.26,6102.38,6115.62,6062.92,15800000000.0,0.11
2021-04-15,6079.5,6057.61,6079.5,6029.15,13220000000.0,0.48
2021-04-14,6050.28,5964.03,6050.28,5962.32,14190000000.0,2.07
2021-04-13,5927.44,5944.53,5957.61,5883.52,10740000000.0,-0.36
2021-04-12,5948.57,6080.79,6088.83,5942.71,13020000000.0,-2.0
2021-04-09,6070.21,6101.72,6113.16,6070.21,16129999999.999998,-0.02
2021-04-08,6071.72,6035.04,6073.91,6030.29,16950000000.0,0.58
2021-04-07,6036.62,6011.96,6040.46,5982.07,14150000000.0,0.56
2021-04-06,6002.77,5973.99,6008.51,5944.42,12640000000.0,0.54
2021-04-05,5970.29,6040.06,6051.62,5964.48,12210000000.0,-0.68
2021-04-01,6011.46,5988.02,6020.16,5960.82,10640000000.0,0.43
2021-03-31,5985.52,6062.95,6066.84,5892.65,12310000000.0,-1.42
2021-03-30,6071.44,6163.72,6170.67,6046.47,11870000000.0,-1.55
2021-03-29,6166.82,6205.57,6230.99,6165.55,11460000000.0,-0.46
2021-03-26,6195.56,6141.61,6195.56,6106.08,12430000000.0,1.19
2021-03-25,6122.88,6159.62,6176.43,6058.84,14740000000.0,-0.54
2021-03-24,6156.14,6231.71,6239.55,6143.38,13830000000.0,-1.54
2021-03-23,6252.71,6331.7,6342.13,6245.99,17380000000.0,-0.77
2021-03-22,6301.13,6346.8,6354.94,6290.02,12860000000.0,-0.87
2021-03-19,6356.16,6346.01,6356.16,6307.1,16210000000.0,0.13
2021-03-18,6347.83,6309.57,6358.43,6307.0,14970000000.0,1.12
2021-03-17,6277.23,6318.07,6321.34,6268.84,13800000000.0,-0.51
2021-03-16,6309.7,6347.19,6355.41,6296.9,15510000000.0,-0.23
2021-03-15,6324.26,6374.76,6387.74,6324.26,13790000000.0,-0.53
2021-03-12,6358.21,6316.88,6364.36,6298.52,18620000000.0,1.49
2021-03-10,6264.68,6233.62,6276.16,6225.45,12200000000.0,1.05
2021-03-09,6199.65,6258.67,6267.42,6167.72,18810000000.0,-0.78
2021-03-08,6248.47,6304.0,6325.52,6239.05,15570000000.0,-0.16
2021-03-05,6258.75,6263.04,6307.68,6245.31,15360000000.0,-0.51
2021-03-04,6290.8,6355.38,6369.41,6270.11,23820000000.0,-1.35
2021-03-03,6376.76,6378.8,6394.45,6334.24,24240000000.0,0.28
2021-03-02,6359.2,6367.44,6388.12,6329.5,18070000000.0,0.33
2021-03-01,6338.51,6281.86,6339.01,6261.56,17310000000.0,1.55
2021-02-26,6241.8,6246.32,6302.39,6184.52,21950000000.0,-0.76
2021-02-25,6289.65,6280.73,6309.76,6274.5,23750000000.0,0.62
2021-02-24,6251.05,6283.8,6294.14,6223.65,15220000000.0,-0.35
2021-02-23,6272.81,6267.45,6279.14,6241.95,12630000000.0,0.28
2021-02-22,6255.31,6267.02,6312.87,6255.31,14500000000.0,0.38
2021-02-19,6231.93,6196.9,6231.93,6173.59,13360000000.0,0.51
2021-02-18,6200.31,6230.36,6281.36,6200.31,16750000000.0,-0.44
2021-02-17,6227.73,6292.97,6314.56,6209.31,16989999999.999998,-1.03
2021-02-16,6292.4,6291.01,6308.81,6274.35,14420000000.0,0.35
2021-02-15,6270.32,6244.39,6283.41,6244.39,12400000000.0,0.77
2021-02-11,6222.52,6221.63,6232.85,6194.01,10400000000.0,0.33
2021-02-10,6201.83,6198.03,6216.94,6168.01,12260000000.0,0.33
2021-02-09,6181.67,6232.1,6286.29,6157.14,17530000000.0,-0.44
2021-02-08,6208.87,6193.55,6224.41,6180.73,16160000000.0,0.93
2021-02-05,6151.73,6136.39,6151.73,6090.98,13470000000.0,0.73
2021-02-04,6107.22,6111.76,6179.37,6069.55,14820000000.0,0.49
2021-02-03,6077.74,6096.58,6137.68,6047.41,15390000000.0,0.56
2021-02-02,6043.84,6119.01,6157.25,6018.09,22730000000.0,-0.39
2021-02-01,6067.55,5856.78,6070.73,5735.47,20890000000.0,3.5
2021-01-29,5862.35,6010.34,6068.13,5825.29,14770000000.0,-1.96
2021-01-28,5979.39,6065.79,6123.46,5957.55,15730000000.0,-2.12
2021-01-27,6109.17,6153.08,6154.6,5998.9,18140000000.0,-0.5
2021-01-26,6140.17,6252.71,6269.66,6123.01,17220000000.0,-1.89
2021-01-25,6258.57,6322.52,6322.73,6148.31,15480000000.0,-0.77
2021-01-22,6307.13,6419.57,6428.5,6283.31,15790000000.0,-1.66
2021-01-21,6413.89,6476.09,6504.99,6399.67,17110000000.0,-0.25
2021-01-20,6429.76,6334.51,6440.8,6299.39,19090000000.0,1.71
2021-01-19,6321.86,6421.86,6434.84,6288.98,22370000000.0,-1.06
2021-01-18,6389.83,6365.03,6428.31,6316.88,33759999999.999996,0.26
2021-01-15,6373.41,6447.98,6472.31,6341.25,26230000000.0,-0.85
2021-01-14,6428.31,6445.9,6465.53,6407.57,34480000000.0,-0.11
2021-01-13,6435.2,6439.93,6464.35,6393.9,34299999999.999996,0.62
2021-01-12,6395.67,6393.9,6435.96,6353.31,27960000000.0,0.2
2021-01-11,6382.94,6278.41,6382.94,6278.37,29790000000.0,2.0
2021-01-08,6257.84,6190.95,6275.74,6190.1,22180000000.0,1.69
2021-01-07,6153.63,6091.72,6158.04,6090.36,22750000000.0,1.45
2021-01-06,6065.68,6139.14,6166.63,5987.78,19920000000.0,-1.17
2021-01-05,6137.34,6105.79,6145.61,6073.42,17470000000.0,0.53
2021-01-04,6104.9,5997.83,6104.9,5929.05,18390000000.0,2.1
2020-12-30,5979.07,6052.12,6055.97,5962.01,17000000000.0,-0.95
2020-12-29,6036.17,6112.72,6143.87,6026.7,17510000000.0,-0.94
2020-12-28,6093.55,6067.0,6095.01,5979.9,18090000000.0,1.41
2020-12-23,6008.71,6061.85,6104.35,5853.26,20350000000.0,-0.24
2020-12-22,6023.29,6146.65,6174.46,6010.21,25010000000.0,-2.31
2020-12-21,6165.62,6131.62,6195.15,6119.92,23860000000.0,1.0
2020-12-18,6104.32,6106.25,6142.86,6091.4,25800000000.0,-0.15
2020-12-17,6113.38,6133.1,6160.98,6075.83,32170000000.0,-0.08
2020-12-16,6118.4,6046.87,6123.95,6046.87,29100000000.0,1.8
2020-12-15,6010.13,6013.51,6023.22,5965.81,19440000000.0,-0.04
2020-12-14,6012.52,5959.27,6013.95,5959.27,22690000000.0,1.25
2020-12-11,5938.33,5946.36,5976.57,5924.37,21770000000.0,0.08
2020-12-10,5933.7,5977.0,6004.42,5911.91,26460000000.0,-0.18
2020-12-08,5944.41,5947.66,5961.78,5911.1,29420000000.0,0.23
2020-12-07,5930.76,5854.3,5941.35,5854.3,22680000000.0,2.07
2020-12-04,5810.48,5820.82,5823.32,5775.57,17390000000.0,-0.21
2020-12-03,5822.94,5833.32,5853.16,5797.01,23840000000.0,0.15
2020-12-02,5813.99,5755.18,5813.99,5734.26,21910000000.0,1.56
2020-12-01,5724.74,5637.89,5736.32,5594.28,20950000000.0,2.0
2020-11-30,5612.41,5779.67,5798.29,5563.86,31990000000.0,-2.96
2020-11-27,5783.34,5773.56,5795.84,5745.89,25140000000.0,0.41
2020-11-26,5759.92,5669.66,5759.92,5669.66,24830000000.0,1.42
2020-11-25,5679.25,5735.14,5770.66,5666.76,32540000000.0,-0.38
2020-11-24,5701.03,5677.3,5710.38,5667.37,24050000000.0,0.85
2020-11-23,5652.76,5583.33,5652.76,5583.33,18990000000.0,1.46
2020-11-20,5571.66,5602.78,5628.44,5563.65,21580000000.0,-0.4
2020-11-19,5594.06,5541.42,5598.52,5541.31,16670000000.000002,0.66
2020-11-18,5557.52,5530.88,5574.73,5530.88,14080000000.0,0.5
2020-11-17,5529.94,5516.58,5562.54,5515.52,14680000000.0,0.64
2020-11-16,5494.87,5500.03,5519.68,5462.46,11990000000.0,0.62
2020-11-13,5461.06,5449.1,5466.56,5427.63,11340000000.0,0.05
2020-11-12,5458.6,5494.48,5500.42,5449.8,11980000000.0,-0.92
2020-11-11,5509.51,5475.56,5520.91,5471.59,16520000000.0,0.86
2020-11-10,5462.74,5424.73,5469.18,5412.59,14960000000.0,1.99
2020-11-09,5356.01,5371.97,5395.71,5319.42,12150000000.0,0.38
2020-11-06,5335.53,5276.16,5335.53,5246.7,10470000000.0,1.43
2020-11-05,5260.33,5161.39,5260.33,5161.39,10880000000.0,3.04
2020-11-04,5105.2,5170.82,5188.01,5105.2,10400000000.0,-1.05
2020-11-03,5159.45,5133.98,5162.35,5131.95,10140000000.0,0.87
2020-11-02,5115.13,5108.03,5130.69,5073.5,9760000000.0,-0.26
2020-10-27,5128.23,5133.54,5155.57,5110.62,10710000000.0,-0.31
2020-10-26,5144.05,5113.15,5158.27,5113.02,10330000000.0,0.62
2020-10-23,5112.19,5112.79,5121.02,5095.51,9550000000.0,0.4
2020-10-22,5091.82,5084.79,5093.82,5063.7,12290000000.0,-0.09
2020-10-21,5096.45,5116.79,5131.51,5083.66,10480000000.0,-0.07
2020-10-20,5099.84,5120.91,5135.08,5080.96,8860000000.0,-0.52
2020-10-19,5126.33,5116.76,5128.65,5090.78,11110000000.0,0.45
2020-10-16,5103.41,5111.43,5115.56,5067.59,9250000000.0,-0.03
2020-10-15,5105.15,5172.59,5182.53,5105.15,11050000000.0,-1.37
2020-10-14,5176.1,5134.66,5177.93,5125.05,11990000000.0,0.85
2020-10-13,5132.57,5093.42,5132.96,5064.17,11060000000.0,0.77
2020-10-12,5093.1,5078.13,5103.5,5078.13,9160000000.0,0.78
2020-10-09,5053.66,5036.48,5057.84,5029.15,6900000000.0,0.29
2020-10-08,5039.14,5018.74,5039.14,5001.52,8029999999.999999,0.7
2020-10-07,5004.33,4976.57,5014.61,4962.09,9290000000.0,0.1
2020-10-06,4999.22,5004.4,5023.89,4992.48,10850000000.0,0.82
2020-10-05,4958.77,4947.04,4962.79,4915.69,7090000000.0,0.65
2020-10-02,4926.73,4969.24,4972.82,4881.91,8880000000.0,-0.87
2020-10-01,4970.09,4899.64,4970.09,4899.0,9640000000.0,2.05
2020-09-30,4870.04,4896.43,4903.86,4841.36,8539999999.999999,-0.19
2020-09-29,4879.1,4929.33,4950.97,4859.79,8650000000.0,-0.56
2020-09-28,4906.55,4962.95,4991.76,4905.51,8380000000.000001,-0.79
2020-09-25,4945.79,4867.96,4949.3,4848.02,8880000000.0,2.13
2020-09-24,4842.76,4876.35,4897.34,4820.33,6570000000.0,-1.53
2020-09-23,4917.95,4946.5,4984.24,4873.02,7060000000.0,-0.33
2020-09-22,4934.09,4947.73,4978.44,4919.11,7480000000.0,-1.31
2020-09-21,4999.36,5058.99,5075.82,4987.75,10650000000.0,-1.18
2020-09-18,5059.22,5037.37,5072.68,5023.44,10580000000.0,0.41
2020-09-17,5038.4,5058.95,5099.58,5013.19,8529999999.999999,-0.4
2020-09-16,5058.48,5108.13,5117.29,5051.75,8880000000.0,-0.83
2020-09-15,5100.86,5169.24,5187.28,5091.29,11360000000.0,-1.18
2020-09-14,5161.83,5060.02,5161.83,5059.27,10990000000.0,2.89
2020-09-11,5016.71,4804.64,5016.71,4754.8,12580000000.0,2.56
2020-09-10,4891.46,5084.33,5084.48,4878.28,8240000000.0,-5.01
2020-09-09,5149.38,5214.03,5216.02,5135.81,10120000000.0,-1.81
2020-09-08,5244.07,5232.92,5256.31,5232.92,10340000000.0,0.27
2020-09-07,5230.2,5235.01,5245.35,5195.86,8010000000.0,-0.18
2020-09-04,5239.85,5280.81,5280.76,5188.61,9510000000.0,-0.78
2020-09-03,5280.81,5311.97,5331.17,5242.17,13690000000.0,-0.59
2020-09-02,5311.97,5310.68,5337.1,5295.28,12160000000.0,0.02
2020-09-01,5310.68,5238.49,5310.68,5219.21,9050000000.0,1.38
2020-08-31,5238.49,5346.66,5369.45,5233.14,12410000000.0,-2.02
2020-08-28,5346.66,5371.47,5381.95,5325.6,10800000000.0,-0.46
2020-08-27,5371.47,5340.33,5371.47,5325.49,13450000000.0,0.58
2020-08-26,5340.33,5338.89,5351.47,5324.61,13770000000.0,0.03
2020-08-25,5338.89,5277.04,5341.38,5276.96,14650000000.0,1.17
2020-08-24,5277.04,5272.81,5294.15,5261.41,13840000000.0,0.08
2020-08-19,5272.81,5295.17,5327.32,5268.51,9270000000.0,-0.42
2020-08-18,5295.17,5247.69,5316.13,5243.99,9560000000.0,0.9
2020-08-14,5247.69,5239.25,5255.37,5221.92,7040000000.0,0.16
2020-08-13,5239.25,5233.45,5279.35,5218.41,8460000000.000001,0.11
2020-08-12,5233.45,5190.17,5235.52,5178.46,9680000000.0,0.83
2020-08-11,5190.17,5157.83,5201.45,5157.93,8840000000.0,0.63
2020-08-10,5157.83,5143.89,5158.68,5134.86,6520000000.0,0.27
2020-08-07,5143.89,5178.27,5187.37,5119.68,9130000000.0,-0.66
2020-08-06,5178.27,5127.05,5187.96,5127.1,9050000000.0,1.0
2020-08-05,5127.05,5075.0,5127.05,5059.09,8460000000.000001,1.03
2020-08-04,5075.0,5006.22,5075.0,5006.5,7380000000.0,1.37
2020-08-03,5006.22,5149.63,5157.27,4928.47,8380000000.000001,-2.78
2020-07-30,5149.63,5111.11,5149.63,5091.4,8070000000.0,0.75
2020-07-29,5111.11,5112.99,5117.35,5085.34,8890000000.0,-0.04
2020-07-28,5112.99,5116.67,5143.29,5097.42,9190000000.0,-0.07
2020-07-27,5116.67,5082.99,5116.67,5080.12,10350000000.0,0.66
2020-07-24,5082.99,5145.01,5149.59,5074.49,9700000000.0,-1.21
2020-07-23,5145.01,5110.19,5162.98,5110.22,9880000000.0,0.68
2020-07-22,5110.19,5114.71,5142.04,5099.57,7950000000.0,-0.09
2020-07-21,5114.71,5051.11,5135.56,5047.09,8320000000.0,1.26
2020-07-20,5051.11,5079.59,5100.19,5031.89,6860000000.0,-0.56
2020-07-17,5079.59,5098.37,5110.43,5073.56,6170000000.0,-0.37
2020-07-16,5098.37,5075.8,5107.26,5075.8,6870000000.0,0.44
2020-07-15,5075.8,5079.12,5116.46,5069.38,8260000000.0,-0.07
2020-07-14,5079.12,5064.45,5079.12,5053.72,7150000000.0,0.29
2020-07-13,5064.45,5031.26,5075.1,5024.93,6530000000.0,0.66
2020-07-10,5031.26,5052.79,5076.52,5022.17,6770000000.0,-0.43
2020-07-09,5052.79,5076.17,5111.56,5041.93,7980000000.0,-0.46
2020-07-08,5076.17,4987.08,5080.25,4985.02,7350000000.0,1.79
2020-07-07,4987.08,4988.87,5011.71,4982.33,7280000000.0,-0.04
2020-07-06,4988.87,4973.79,5009.35,4973.49,6430000000.0,0.3
2020-07-03,4973.79,4966.78,4997.48,4964.11,5570000000.0,0.14
2020-07-02,4966.78,4914.39,4966.78,4914.39,5540000000.0,1.07
2020-07-01,4914.39,4905.39,4928.61,4885.6,4320000000.0,0.18
2020-06-30,4905.39,4901.82,4939.84,4894.12,5130000000.0,0.07
2020-06-29,4901.82,4904.09,4909.91,4862.04,4420000000.0,-0.05
2020-06-26,4904.09,4896.73,4941.14,4882.14,4430000000.0,0.15
2020-06-25,4896.73,4964.73,4964.73,4883.71,5070000000.0,-1.37
2020-06-24,4964.73,4879.13,4977.65,4879.13,6250000000.0,1.75
2020-06-23,4879.13,4918.83,4938.39,4879.13,5490000000.0,-0.81
2020-06-22,4918.83,4942.27,4957.67,4904.77,4790000000.0,-0.47
2020-06-19,4942.27,4925.25,4970.07,4925.25,5760000000.0,0.35
2020-06-18,4925.25,4987.78,4993.61,4925.25,7090000000.0,-1.25
2020-06-17,4987.78,4986.46,5018.98,4968.93,6840000000.0,0.03
2020-06-16,4986.46,4816.34,4989.53,4816.34,7580000000.0,3.53
2020-06-15,4816.34,4880.36,4918.06,4809.62,6410000000.0,-1.31
2020-06-12,4880.36,4854.75,4880.36,4712.07,8090000000.0,0.53
2020-06-11,4854.75,4920.68,4931.24,4812.19,7170000000.0,-1.34
2020-06-10,4920.68,5035.06,5036.86,4892.82,8420000000.0,-2.27
2020-06-09,5035.06,5070.56,5139.41,5023.77,11510000000.0,-0.7
2020-06-08,5070.56,4947.78,5103.09,4947.78,13820000000.0,2.48
2020-06-05,4947.78,4916.7,4948.51,4851.15,8690000000.0,0.63
2020-06-04,4916.7,4941.01,5014.76,4899.39,11090000000.0,-0.49
2020-06-03,4941.01,4847.51,4960.07,4847.51,10160000000.0,1.93
2020-06-02,4847.51,4753.61,4884.01,4753.61,7310000000.0,1.98
2020-05-29,4753.61,4716.19,4755.96,4704.79,10480000000.0,0.79
2020-05-28,4716.19,4641.56,4741.6,4638.81,6850000000.0,1.61
2020-05-27,4641.56,4626.8,4641.56,4597.37,6100000000.0,0.32
2020-05-26,4626.8,4545.95,4634.65,4541.83,5380000000.0,1.78
2020-05-20,4545.95,4548.66,4561.55,4521.47,4250000000.0,-0.06
2020-05-19,4548.66,4511.06,4609.04,4511.06,5170000000.0,0.83
2020-05-18,4511.06,4507.61,4527.97,4487.18,4520000000.0,0.08
2020-05-15,4507.61,4513.83,4540.42,4460.27,4630000000.0,-0.14
2020-05-14,4513.83,4554.36,4564.15,4494.15,4730000000.0,-0.89
2020-05-13,4554.36,4588.73,4588.73,4519.98,4510000000.0,-0.75
2020-05-12,4588.73,4639.1,4644.14,4552.39,4690000000.0,-1.09
2020-05-11,4639.1,4597.43,4659.86,4597.43,4550000000.0,0.91
2020-05-08,4597.43,4608.79,4630.59,4586.74,4780000000.0,-0.25
2020-05-06,4608.79,4630.13,4647.52,4597.75,4510000000.0,-0.46
2020-05-05,4630.13,4605.49,4667.79,4605.49,4780000000.0,0.54
2020-05-04,4605.49,4716.4,4716.4,4576.23,3910000000.0,-2.35
2020-04-30,4716.4,4567.32,4726.77,4567.32,6020000000.0,3.26
2020-04-29,4567.32,4529.55,4568.66,4523.95,4150000000.0000005,0.83
2020-04-28,4529.55,4513.14,4532.38,4494.47,4540000000.0,0.36
2020-04-27,4513.14,4496.06,4541.31,4474.89,3680000000.0,0.38
2020-04-24,4496.06,4593.55,4593.83,4496.06,4610000000.0,-2.12
2020-04-23,4593.55,4567.56,4629.03,4567.56,4950000000.0,0.57
2020-04-22,4567.56,4501.92,4580.68,4441.09,4840000000.0,1.46
2020-04-21,4501.92,4575.9,4575.9,4482.64,4230000000.0000005,-1.62
2020-04-20,4575.9,4634.82,4669.54,4573.77,5210000000.0,-1.27
2020-04-17,4634.82,4480.61,4637.24,4480.61,5450000000.0,3.44
2020-04-16,4480.61,4625.9,4625.9,4463.81,5630000000.0,-3.14
2020-04-15,4625.9,4706.49,4747.73,4605.05,6310000000.0,-1.71
2020-04-14,4706.49,4623.89,4706.49,4623.89,5520000000.0,1.79
2020-04-13,4623.89,4649.08,4659.03,4591.73,4560000000.0,-0.54
2020-04-09,4649.08,4626.69,4669.71,4562.9,5350000000.0,0.48
2020-04-08,4626.69,4778.64,4780.22,4583.9,4560000000.0,-3.18
2020-04-07,4778.64,4811.83,4975.54,4721.72,8620000000.0,-0.69
2020-04-06,4811.83,4623.43,4811.83,4623.43,7050000000.0,4.07
2020-04-03,4623.43,4531.69,4623.43,4531.81,5870000000.0,2.02
2020-04-02,4531.69,4466.04,4531.69,4393.67,4600000000.0,1.47
2020-04-01,4466.04,4538.93,4627.42,4445.14,4179999999.9999995,-1.61
2020-03-31,4538.93,4414.5,4569.47,4414.5,4340000000.0,2.82
2020-03-30,4414.5,4545.57,4545.57,4317.71,2760000000.0,-2.88
2020-03-27,4545.57,4338.9,4697.67,4338.9,7790000000.0,4.76
2020-03-26,4338.9,3937.63,4370.66,3935.91,8109999999.999999,10.19
2020-03-24,3937.63,3989.52,4123.56,3911.72,4570000000.0,-1.3
2020-03-23,3989.52,4194.94,4194.94,3975.19,3250000000.0,-4.9
2020-03-20,4194.94,4105.42,4238.26,3918.34,6300000000.0,2.18
2020-03-19,4105.42,4330.67,4330.67,4093.71,2640000000.0,-5.2
2020-03-18,4330.67,4456.75,4473.82,4284.68,3860000000.0,-2.83
2020-03-17,4456.75,4690.66,4698.04,4447.96,3070000000.0,-4.99
2020-03-16,4690.66,4907.57,4904.54,4677.75,3050000000.0,-4.42
2020-03-13,4907.57,4895.75,4937.99,4639.91,4630000000.0,0.24
2020-03-12,4895.75,5040.97,5040.99,4895.75,3700000000.0,-5.01
2020-03-11,5154.1,5231.61,5264.48,5112.32,4670000000.0,-1.28
2020-03-10,5220.83,5149.49,5278.42,5149.45,4450000000.0,1.64
2020-03-09,5136.81,5364.6,5364.6,5133.15,4269999999.9999995,-6.58
2020-03-06,5498.54,5575.57,5577.8,5498.54,3240000000.0,-2.48
2020-03-05,5638.13,5688.78,5715.94,5613.72,4070000000.0000005,-0.21
2020-03-04,5650.14,5524.09,5651.85,5516.81,4530000000.0,2.38
2020-03-03,5518.63,5431.3,5545.77,5431.3,4300000000.0,2.94
2020-03-02,5361.25,5455.05,5491.14,5354.62,4019999999.9999995,-1.68
2020-02-28,5452.7,5436.17,5456.28,5288.37,4960000000.0,-1.5
2020-02-27,5535.69,5680.44,5684.29,5526.82,4130000000.0,-2.69
2020-02-26,5688.92,5757.17,5757.74,5688.92,3950000000.0,-1.7
2020-02-25,5787.14,5784.74,5814.68,5752.34,3950000000.0,-0.34
2020-02-24,5807.05,5846.15,5863.12,5787.92,4000000000.0,-1.28
2020-02-21,5882.26,5940.78,5944.2,5873.73,3670000000.0,-1.01
2020-02-20,5942.49,5941.45,5960.71,5929.15,3740000000.0,0.23
2020-02-19,5928.79,5898.9,5928.79,5898.7,3450000000.0,0.71
2020-02-18,5886.96,5856.88,5907.14,5855.93,3460000000.0,0.33
2020-02-17,5867.52,5863.91,5878.46,5853.6,2870000000.0,0.01
2020-02-14,5866.94,5857.72,5890.03,5843.43,2770000000.0,-0.09
2020-02-13,5871.95,5921.91,5929.5,5860.26,3320000000.0,-0.7
2020-02-12,5913.08,5957.06,5962.35,5895.72,2930000000.0,-0.69
2020-02-11,5954.4,5963.55,5979.57,5945.05,3370000000.0,0.04
2020-02-10,5952.08,5993.38,5996.47,5937.38,3430000000.0,-0.79
2020-02-07,5999.61,5988.06,6004.81,5981.64,3530000000.0,0.21
2020-02-06,5987.15,6002.92,6013.7,5969.48,3990000000.0,0.14
2020-02-05,5978.51,5955.52,5978.51,5924.37,3980000000.0,0.95
2020-02-04,5922.34,5947.51,5952.95,5911.38,3620000000.0,0.65
2020-02-03,5884.17,5920.97,5942.78,5877.2,3500000000.0,-0.94
2020-01-31,5940.05,6076.46,6078.93,5937.02,4150000000.0000005,-1.94
2020-01-30,6057.6,6130.1,6130.8,6048.88,3490000000.0,-0.91
2020-01-29,6113.05,6123.1,6152.59,6102.8,3460000000.0,0.03
2020-01-28,6111.18,6110.22,6112.83,6065.12,4210000000.0,-0.36
2020-01-27,6133.21,6240.82,6242.18,6130.93,4370000000.0,-1.78
2020-01-24,6244.11,6242.84,6258.85,6234.82,3880000000.0,-0.08
2020-01-23,6249.21,6244.0,6255.04,6229.13,4130000000.0,0.25
2020-01-22,6233.45,6241.57,6265.51,6223.19,5110000000.0,-0.08
2020-01-21,6238.15,6252.0,6257.89,6226.06,4190000000.0000005,-0.11
2020-01-20,6245.04,6310.5,6312.99,6240.19,3880000000.0,-0.74
2020-01-17,6291.66,6293.78,6301.48,6266.93,3760000000.0,0.09
2020-01-16,6286.05,6275.96,6299.54,6255.49,4210000000.0,0.04
2020-01-15,6283.36,6326.17,6348.53,6255.5,5110000000.0,-0.66
2020-01-14,6325.41,6308.89,6325.41,6298.61,4450000000.0,0.46
2020-01-13,6296.57,6287.91,6297.78,6269.48,4400000000.0,0.34
2020-01-10,6274.94,6287.17,6295.37,6271.98,5220000000.0,0.01
2020-01-09,6274.49,6248.66,6274.49,6238.98,4190000000.0000005,0.78
2020-01-08,6225.69,6248.44,6250.12,6218.13,4460000000.0,-0.85
2020-01-07,6279.35,6272.22,6284.89,6246.13,3940000000.0,0.35
2020-01-06,6257.4,6293.5,6300.44,6252.64,4139999999.9999995,-1.04
2020-01-03,6323.47,6306.19,6323.47,6287.71,4460000000.0,0.63
2020-01-02,6283.58,6313.13,6317.01,6263.68,3300000000.0,-0.25
2019-12-30,6299.54,6329.14,6336.92,6289.55,4760000000.0,-0.47
